accel_x,accel_y,accel_z,gyro_x,gyro_y,gyro_z,speed,severity
-0.04670317061762384,-0.5405941312740059,10.298441049718406,3.887036763822556,1.6455338935506478,4.196745571158011,28.303855158087472,0
0.19630969690621733,0.39845824255471735,9.424877679809086,-0.4681809436958542,-4.969313374174266,0.3391925695846884,67.40788242356649,0
-0.09641575249589802,-0.3682823445410977,9.94030795152963,1.7116891724481074,-4.0620117446871005,2.516260323747524,74.9249720880022,0
-0.18051198366881907,-0.4033351533102831,9.945419845188344,2.8230296294680013,-2.089547728829453,4.311117559434885,78.58937966887322,0
-1.7110013404371112,-3.28414786183784,8.295277797109062,275.0293520182423,-43.881249903662386,109.51443870485285,119.68102267057986,2
-1.2312418157975007,-2.1219003237616176,31.167105076666854,164.4122224332445,-27.489723710605166,-27.031517098962432,76.56191617541003,2
-0.24764915903775345,0.35684114667739214,9.876121898448373,-1.6756889058572588,3.3947349388111645,-8.305417077835862,43.13315008950016,0
-0.09829864397933046,0.3507886771337018,9.396206095925976,7.21816001734407,1.6901174055085408,1.107792368121053,70.1863842425674,0
0.06722774454312502,0.41528184555315545,9.740798473907804,-0.16806282351856505,1.1453734410285128,-2.6281546699269223,78.12888143466827,0
0.22153997399862313,-0.014839112895729884,9.807265837001829,8.747919521027104,0.06249660953625168,1.0237944120089209,23.121425301766813,0
0.20387932468040273,-0.30683776955952163,9.805654886883454,-2.3974648369962166,5.506614788678811,0.04278040412174916,68.52796667006905,0
-0.2651572308603399,0.5393059580548567,9.704283819300015,-3.0335014738264836,2.527946209179373,5.486500937718544,35.339973399908864,0
0.07068436743256978,-0.20072182159797497,9.317701691864583,6.318533388273343,-9.15572439169175,-5.8848105638498405,35.07152027626803,0
0.02945072569426854,-1.3392119497780075,7.608314850776692,-9.470250590415597,-10.098025390298563,51.85490308191819,40.73932707244115,1
-10.551747986420086,10.168522608056268,40.087957714710676,-48.39453502931264,-219.56181782496995,112.32674015232195,61.1044859957086,2
0.4758050448436056,-0.09649051536521479,9.429695338436025,-1.647238931735457,-1.8065528098364525,5.79690521650261,34.414701107858235,0
0.0783165816539668,0.04401410592999685,9.596676508842545,-1.398800842479172,-4.727534399713656,-2.9494737823144543,30.248822378372644,0
0.09234053066761776,0.3663101086576059,9.93185036918607,-2.4178074192326853,9.277516573971315,5.035786002983346,23.42594470671058,0
0.3087466911976931,-0.13981095056047266,10.067114949055936,0.20662816135309234,0.30042997307581804,1.4547368216974268,48.62878255934296,0
9.489163792338392,-13.977773335722045,24.819292460414786,-2.766066730255943,101.10166757460051,-105.60143780289167,94.99718432397825,2
1.326590668503051,-5.596313712737902,8.82377779058545,30.33347119290046,57.47963648880114,-14.268422245556382,104.4776102936763,1
-0.30363131257805026,-0.050136514135923446,9.436648421215766,0.29492110794798687,-4.850621301898218,-3.3961532659647755,71.42174169983468,0
0.013671551971144134,0.11976693678158377,10.085940990173974,0.9864613281560322,2.6112531800888927,-3.054288199025329,60.24363952655605,0
-0.18744557330870365,0.498377764364361,9.94760565439784,-0.495471501206345,-2.9848714336053694,0.0080951567847056,78.51467211703752,0
0.1042745116085013,0.4629730584816567,9.683870089257681,6.5915116242633465,2.31241812033427,-2.4423804005517984,45.57909763944208,0
0.22661736774772678,-0.3935508697050479,9.646035930058526,9.243044166482058,-0.7907692218616015,-4.564054596482565,36.33892383086497,0
0.29059349715986676,0.15218220933218932,9.657528903013244,-3.4486388703208695,-12.439043282675398,7.102521436355316,57.550471698942545,0
-0.24254808086795626,0.2045674468878934,9.44628806265206,-2.7477856795429005,-7.807466112209297,6.555837489013122,35.27982595339771,0
-0.8397416605089916,0.3003347318945716,22.396515418353808,-41.61258921200546,-7.9738770371347165,-135.58198286622718,82.03455986477138,2
-12.151758246506517,-3.406044837212724,8.877818889768639,-123.72303301767684,85.96080966484928,-84.445247919772,102.98790787277656,2
-0.7170041014276471,0.5434376963266275,16.885939431834032,-48.969299341682635,83.52232509522548,1.1759769946576974,104.24364197407039,1
20.007203983474252,-2.2490038791046905,24.900960836530686,-137.65914132140537,10.09132659002358,98.43580494107576,73.05555830422381,2
1.3112442942964933,-0.4360936798538552,16.229095613486233,-85.56108702722712,-48.863891246779424,22.41202100470612,82.89538234257634,1
-0.1800650631476384,-0.12843454828977374,9.737233437876643,-7.824013856810276,-10.528234709201623,-4.832939454926576,47.49228831513295,0
0.5296362720843291,0.4429621049177687,10.090837160158022,0.07809166974801524,-1.9384995820428057,2.4649322925722963,48.00098934985185,0
-0.010413530911572993,0.18236895291496175,9.899594099170706,0.42946503146665205,-0.26952424502869576,-1.2134937391264087,34.60655700592464,0
-0.7802030699649875,-13.395755683625962,20.998942144149567,-39.336775185182745,61.16270774695874,-245.94174194259904,61.2027934512438,2
0.34757867370222123,0.05895635091044103,9.82263009167048,-4.627123130297937,-8.96946248933945,-1.3432287665487128,52.64756011778606,0
0.09427419977858216,0.2668892386870311,9.574462684971445,1.7029460820024838,-2.6222406813132593,3.480839985796445,71.15255869253002,0
-0.07037614001254407,-0.24508070129617082,9.85387453458188,1.7002564728444522,5.686572711823646,0.3613948269214445,39.12903937238028,0
1.0845073313176732,0.6961318431390924,25.66882518967359,124.91450085573473,-22.211717930546243,186.14943197132754,94.40368450994158,2
-4.188630274761058,-6.081147168962438,4.572841819954217,26.174142288063305,39.812737109906095,27.985877244739015,63.15982920957757,1
-6.2607887793487125,1.4744725126248277,2.4780810786238945,-26.61376844593626,16.222840918486305,-91.24363694593566,58.22226732942411,2
1.6750398405099862,4.708739852737356,8.515098135732869,-69.72394921537698,31.28696394357174,-3.579258719531496,80.20380853776186,1
9.0259182661507,-7.828707119909235,29.85282401344864,36.224805686521414,-74.2947537899918,40.531931886552165,50.87461978938565,2
0.43238198671983463,-0.01407617366375522,9.46828859945422,-3.4838590921478745,-0.45699778754557224,-0.6606829445077362,20.441469777524873,0
-8.44511591838877,4.634774078054206,34.32441516458647,130.78859509089963,82.90931488706313,-114.1144059713366,72.44955122043538,2
0.3921428262847284,0.26173719848404337,9.749353483042997,-6.292524553376673,-1.2134063840601668,8.191798661354705,62.433699700125395,0
0.029895409526292365,0.4696572087703021,9.910186194020403,10.282717824147706,-5.4608181635904485,-3.676005173816233,44.13562482101253,0
-0.14131149168549684,-0.05192154728516088,9.986471566956816,-12.647800388471515,6.882482250097689,-3.2694919416278823,46.16422881315876,0
0.017765530204346475,-0.5282288277467453,9.909089564787491,-4.2838604691339635,-0.7564961011626116,10.77464338691571,53.78986330723729,0
-0.2191134413553004,4.973623188748648,10.095968994769063,84.98470750201756,-22.845804231708264,49.989465997766075,82.69803309371555,1
-0.04798155898902813,-0.3969269380222495,9.603870098405356,-0.7541885578334766,12.557782757922118,-8.364469506557871,50.911533568292825,0
-0.45455731865956567,-0.32769382940177366,9.826597277288432,-10.435135093010343,-5.715096560368643,6.4749279240847795,55.13926012572795,0
-5.128914081797158,2.8829497272388886,21.819646900877878,-11.036215944365592,15.524160804458221,44.28197253902005,74.2415481951715,2
-6.97179012194666,-2.1807449789052877,7.301369400511847,29.867298565066644,-53.881633579467504,107.90880522828705,79.83810420699146,1
1.0924737371745767,0.8203013569385196,11.827733324870152,-9.717289016479647,-49.252735344581204,13.103339252650452,109.88602446077874,1
12.545459436218609,-7.954840525046987,37.994480267635744,77.07614820134111,-55.35204605979687,-112.39104074923705,84.70726967637333,2
-0.3961369839252829,-0.2075724209643733,9.950328250981954,-2.823870020854711,7.952910363089252,-0.4741211564043612,79.15605011749507,0
0.09681556810142684,0.2945296460974783,10.116817042719816,-5.6530766746876315,-0.565640262578702,2.9572107587592744,27.568259480969125,0
-0.9084240311237041,-3.0938233761337206,19.828085452624858,32.05247174248048,-4.106789559984938,-73.3932138037158,75.52904041403252,1
9.340078583891568,-1.104658677291854,38.68484282288367,-7.331700960704176,52.73432285495887,191.30135474448144,108.89857818083087,2
-8.364235885392425,0.23544473342041747,9.849450758536172,17.211188022899186,107.80314820163827,-36.34622925587917,67.56047147152506,2
0.24657075131256714,0.5383673590553363,9.703303859236598,3.6078125256307176,6.777214005527479,0.565702285265114,21.948246301504895,0
1.467256173141769,5.448529614740317,6.277308376279115,-37.89909147081863,-27.994444272166596,26.4035957413887,47.29098712717658,1
-0.011866546156996512,0.18574627830155932,9.523442056062407,3.5635601443066567,-10.389059099280985,2.4309239578096946,31.570376536534738,0
0.18425001001302757,-0.033367818404610096,9.068354852517071,-4.192928992236155,3.656901262874962,4.250396662087766,53.548199387778105,0
0.3274520555767385,0.1333808004660422,9.775543198069506,3.4636137755842973,4.980591074555645,0.17783037016496764,44.473654206811425,0
-0.3984558146695291,0.2952967195429751,10.418757475772944,-2.1838211861910874,0.9235523739054164,-0.11150141859026526,35.902837244557,0
0.26449192708483515,-0.6458671778857449,10.235740260341224,1.9149449237046423,-0.7585721678861457,0.006628443672036148,45.21497610845252,0
-0.15681690615571184,0.23350832284999132,10.115584285316876,-3.5344628399367446,-2.7805937338039026,-4.964330005427727,41.3009159681748,0
0.10308548687053842,-0.19132199527539479,10.156215815469427,-3.9188283279319824,1.1449819622967012,-0.5217139649344595,29.075857067760555,0
-5.961342162538804,8.65211269039793,20.649685044168873,-136.08242231219498,141.82680510706723,135.28201072265824,107.61804465285918,2
-0.22454596096696608,0.3743226218021201,9.74185215836816,4.070758810591332,3.67318772729665,3.04452678127316,27.838062893441585,0
0.45693722318089713,0.0245488075642695,10.111733536226081,2.5413431983729478,4.360985000364889,4.2835124012127785,24.672739345477446,0
0.2914712852863066,0.12413972923544947,9.407353880264267,-7.025949234017875,0.23467451030184813,4.7293482184207285,20.59815408407111,0
-0.24546620497004173,0.19161906660875538,9.47817709227806,-5.294537935283002,-4.8283240176160405,6.101414482088585,32.21066649991319,0
8.338851684924064,-7.618698773861855,14.975260907691023,-37.884153333993495,-80.72012924491449,22.945998941552126,69.71706714675773,1
-0.2583852603984791,0.25154723233549253,9.45835006466577,1.0769825272814397,5.286841526891125,-2.2931931805054226,72.8754840657807,0
-0.23349141762069378,-0.33588522998670334,10.054730633222944,-2.057465722810901,0.8612719320551875,0.09672035405877145,38.988127043689914,0
0.34478199788570274,0.22105316912773001,9.611220981892163,-5.771813341164922,-3.0411325372237963,-4.972142608998961,74.56661984219787,0
0.40616171224962383,0.1657469863251443,9.535437604631685,-8.929332459670556,5.0356666823657985,-4.821000357116223,27.023864778911758,0
-0.7859235312269233,-0.009938091862139129,10.284612706840834,1.5190929780243787,-4.581370502818625,-2.229718569305801,31.240807479607334,0
0.10128079862256065,-0.17295312021801582,9.421950570448226,-4.7445826041241865,-3.461251646329482,-0.39694212202851437,58.36248803256653,0
0.627716182705638,-0.34290147381914504,9.871774059233346,7.4083170123129936,8.145831824504725,-5.3833956373550675,72.40166707048628,0
-0.1730313991704998,0.003105785953014182,10.022247303626038,3.4275386939510204,5.0631870482203585,-0.8895893790219909,64.93994104429741,0
-0.26268547601542713,0.08021769422157088,9.33387237019518,-1.437237597001778,4.665640361705346,-10.84838708862851,42.22948622357086,0
-0.2712949875313226,0.17997861899886133,10.015455717712381,4.927248428076092,-11.580719314844384,-2.7549090176912476,38.50112730057192,0
-0.009808424428227934,-0.06107410803070853,9.67721526856607,-7.583212747103955,-0.9128448718977056,1.115765273738485,32.70788899289016,0
-0.057101603425082456,-0.0870823632565954,9.478442830087953,8.623483248805542,1.6630375516209877,5.384240723288402,36.24101625810387,0
-0.6245788223651166,0.026522065887554205,9.960351694544165,2.253017064312694,2.9295210058232457,4.776346186036028,71.03481183839597,0
0.11319014791345565,-0.1970682836914187,9.946361685461323,-0.7762952441237437,-5.079394134949892,6.550959540404485,51.654777345521026,0
-0.14084231578048562,0.3767268376720562,9.89692378193481,4.05698277245796,4.501992941975318,-2.4413692122577233,62.557767628446086,0
0.329633055596157,0.06522986195391686,10.469390043857791,7.6618386233905795,-4.383868906059224,-8.72853716429826,44.81993141499242,0
0.09937902942106919,-0.16566691328429137,9.498037230416108,2.498425551514669,5.933673100886655,4.809935945359205,58.244148872553296,0
-1.1066870868765817,-1.0327005521257375,2.4955772390182887,-28.59322808601148,-77.13546004536165,-36.46943355693746,116.03038011856745,1
-0.5107750812713521,-0.0442807758896006,9.692891239758017,7.47469113726618,3.804233271557389,2.367037078562332,67.73266351559889,0
0.0039005675633721057,-0.13569189577472301,9.616469272728414,7.320886193762187,-1.3990517118850305,-0.04644280783907873,57.17495556962521,0
-0.2728162364384217,-0.3079545898233181,9.722135996724825,14.92629501301705,-4.520341448680002,-0.686554828944398,44.15158132940852,0
0.14939948737363493,0.08435742719081274,8.917883409600716,-3.7328917327011943,6.559918692869733,-2.730208994083606,79.8109570568864,0
0.48858466367138753,0.5033102442229321,9.917724790153631,9.520682947865035,-1.6956113963501938,5.867211383162224,70.7197985413236,0
0.4208382932808297,0.0398909022440628,10.021643144266251,1.8374083273715218,-7.744802625267376,4.788958072364528,75.20240315275421,0
-0.23334500627726257,0.1944841301531577,9.474252461334444,9.090309612789124,5.959496672067864,-4.813255059594882,46.97500117521574,0
0.2698799626299752,0.023590557094827175,9.72236118119987,5.408833638364143,4.077505112221313,-5.275446840883475,64.47852250104573,0
-7.839404598257956,2.4640792177387274,24.963780604118224,40.49784896716789,-20.600838470974,19.05072611250514,72.23120248400389,2
10.671085964004583,-3.092332927182078,13.631747543030883,59.277285864677374,-79.61233886633856,84.3191998199167,46.95516485538033,2
0.5089369104870114,0.44325902431657854,10.066296627762151,-9.34908169766082,-3.68385067973811,-0.19371447494771513,53.03271803719973,0
0.2865426961503715,0.25005868848267737,9.53986093528673,4.1666695589015355,2.753987861368316,-2.4878624915460694,74.0978737691816,0
-0.1801916069756415,-0.12605604512875718,9.820356653158221,5.621766799352513,3.8967450195266617,7.992690560481707,31.758811082105716,0
-0.40060330761303037,0.34459120482861455,9.512854725531488,2.6107127296696793,8.203072817441438,1.4578183834098637,74.54033533014218,0
5.732714718077213,-5.581751231185959,32.766642299277265,116.2523874817624,-57.95807112874089,-25.794580569474135,86.83887506520284,2
7.601073697243859,-4.930161244881121,3.809354882739691,57.84935305031872,123.46867062586574,-17.274364612075214,81.64164269132115,1
6.844115236763151,1.8038505391059074,10.23291942093057,-71.4549903584236,-61.564850651737466,31.24136978536012,93.13005914266803,1
0.24762490469640894,0.2610203192066263,9.991415330432227,2.499320618701857,8.560201420089463,2.473528268875162,65.00964997727607,0
-0.11244624226487925,-0.5282426435942328,9.724538334186652,6.094853948968316,-0.8106198773992922,-4.750317487330636,33.937379245787156,0
-0.4982882800547974,0.025843164913912427,10.110574800417126,9.148101008580436,-3.8730748500929097,-0.8512912339795276,77.47876119493344,0
-0.14157955973683004,0.5182629510302134,9.85059640159002,2.0488139797974867,-8.88005877024201,-6.867014444848746,42.941799863697675,0
-1.5056195101825691,2.361860600324825,6.23102370120295,-66.27135025351303,39.613654856513236,-154.7376704651625,41.19988003017093,2
-0.010496547149088509,0.020097215167461574,9.63925956108431,-1.9496185327972264,1.555549955715976,-5.915280923671945,44.97709571266128,0
0.020940625497005674,0.45022793719029325,9.294968542333716,0.47672099720654104,5.767951716584627,-0.3406171258397655,76.70102565490964,0
0.1868549797042496,0.012177507361164715,9.863988112211882,-8.881231667332258,-3.9544969083377657,4.23441051942457,49.479825914727854,0
0.2613374110295077,0.035874110524245974,9.949466524549036,-2.644888540320076,-4.065071861300649,-4.481663292960309,49.67582316582553,0
-0.15416007520100805,0.0701357735372243,9.701631585046126,-3.0393763033790893,3.9143686747428625,2.40372289883992,41.92201049303917,0
0.024562241815896765,0.12724978392057493,9.503846141854645,7.279111610733833,-2.660842815635948,-9.019313962811825,38.69073794083916,0
-0.2695244014045074,0.03161265184378797,10.040122857568305,2.9751473291778234,5.341896668470082,2.5744179803818614,59.47699467227554,0
-0.12036614156575087,0.7319257219017818,9.826874204376576,4.10172006306228,0.258304884255399,10.489696695662156,52.351627647638864,0
0.5256811330270867,0.12585973317210833,9.455361789452404,2.765200429261792,1.2150236102719985,5.529165331473563,54.338911137804594,0
-0.7952909425179036,-0.3587649186105553,9.6487460506977,1.1263205862377477,0.6994361641956369,-4.28084920330875,79.56992790091851,0
0.10713377145352392,-0.15926063187609618,9.792741318082726,8.596889531036483,0.15015739582041085,-3.4909983730552483,38.07053521984153,0
0.12545789177299474,5.58379224104078,25.43571992020266,105.20570236633392,8.670245788549897,-215.16916774948675,67.82160780835503,2
-0.20400741647354723,-0.37546182725713323,9.603777295061773,9.35482587685891,2.1415834618761878,0.4305543412948895,53.245956823749566,0
-2.8294860765360483,11.296215028345996,0.6327527102899744,-68.54207689010238,-53.37682058045883,83.51185211290196,94.36414692581471,2
-2.563080475494355,0.26975243920842595,22.593411351160867,143.91594875059027,-136.4439459776985,-285.4117991847994,88.52097802585752,2
-0.06629087985996689,-0.42411434907149403,9.625172402716526,-1.5390423556944204,-6.289340779544439,-5.7820790837192835,25.166966630382426,0
1.90660416320223,4.787643795045409,8.149271430469721,112.79247296526049,8.259716452082765,-2.349726926565566,74.0001931298558,1
-0.2155332663757308,0.4783515189674916,10.137815075231652,1.9316165890577999,-5.557901247567756,-4.701994582421766,36.09723202566636,0
0.23023041874587263,-0.1436245864990432,10.287403537540868,4.148662089395873,4.150959059313051,-3.149422761819052,32.35929105130839,0
0.17793037739051512,0.46263298577036266,9.550866678033032,-4.31941480294883,-1.965263785307005,-0.954361097765899,45.78987545078015,0
-0.33190049220180845,0.4642515603990185,9.163443530297423,2.411244763403286,-4.523071874968831,-4.75455364843616,26.504022362997365,0
0.24385863565168803,0.2748983024107444,9.968275834382373,3.1103499515302433,-0.9157523552664735,-4.923273924236312,78.07187395708132,0
0.14901424590336979,0.2814851417927993,9.745131067668549,-3.6086877666862667,0.9258776841495703,-4.31746802482467,46.83816537515604,0
0.24405516521090093,0.07314021413135964,10.085092277592073,-6.228586882231922,2.513922134475971,4.456518434348777,42.4011896619099,0
-0.42667611287930224,-0.3993698860673334,9.433786272225753,-2.498650880758153,-4.25267639373522,-7.973779790816662,41.37163660768277,0
-0.06703883559775527,-0.0010807617271705212,9.824731925880352,5.482346169054418,5.529502121786544,-2.393792857608443,70.55229376391821,0
-0.1054540452123926,-0.26544081420807025,9.939907512333901,1.3502867919571104,-2.76460418683651,0.07074632482879147,71.53883282733321,0
-0.017857606818540022,-0.8545627861890226,10.043242481947935,-4.4753492113830236,9.486443473865558,-1.4339711786913465,58.7142586731999,0
0.0560300293431235,-0.29951563175648743,9.65634876319748,-3.5381294741101303,2.6881495147493983,0.6932259185504225,31.834559970021008,0
7.619825255622443,0.2750024722116807,1.5215916377152112,47.26478617976919,180.1011636336454,174.652138069839,75.931856218577,2
-2.4465349467782365,-4.859224543554573,4.63562501962797,-46.68568714996286,-84.76354553403337,16.983189735519225,92.73244356801075,1
-0.1339544856201063,0.06251484238426575,9.237448259106277,6.187190673420696,-7.884982410954986,1.9789942435487353,41.00041210839073,0
-0.45094288593543186,-0.38904958438675397,9.330727516486686,1.121082021453965,-6.858715646317528,6.945121814813808,45.660145149450145,0
-0.24869850327662169,0.29940303295789567,10.009086321353221,1.9340426034460132,5.903204562260723,-2.1179929086408853,56.03208609238489,0
0.4068720085712469,-0.11631046798079524,9.793139581310337,4.436454186333711,9.706087182318745,-3.1644013744239596,30.087085855863506,0
0.8823341509494431,0.5469865895969227,14.822926917988308,94.92700507821404,80.21814441335762,-102.09995149724497,107.87341811444088,1
7.066047201310535,5.767769607810403,12.47921904164427,7.553191834599468,-5.898590847262561,57.7501731480061,94.94045762255271,1
0.23125955816609003,0.3119714062188229,9.855422173668718,-4.231579887328679,-6.142219156328813,9.102719539709078,39.23405516098994,0
0.1447417245729556,-0.014313406842593955,10.028016789106882,6.117844412093137,5.134931316598661,-2.9245382670888493,78.48560488017172,0
2.5504232489248344,3.4269496858818336,17.345714338156164,28.83520550566276,-74.37528075150169,-45.6952719021732,112.7644342749762,1
2.914074574058145,-4.144574287900787,9.279793183110748,-75.9155045451129,72.72775225400918,52.93718955595294,90.8125591091148,1
0.7720079409749581,0.16965289368946324,9.424281966676064,8.674682879184042,-1.8275296849263292,3.517200665694471,29.659065901242485,0
-0.018803729181951563,0.09926406966433711,10.047529479400291,-2.7413439746253854,2.0402642341837787,-2.4748274018403653,53.2772294726687,0
-0.25403811542052146,-0.06628925214889918,9.895752353125754,-4.000192821988232,4.30818062248972,-2.0831265280773126,38.1839456705061,0
-0.38698826992231616,0.1472924854914754,9.677889106121967,-4.813662826423061,-4.840228792551226,-10.086693990612057,33.84407541242322,0
0.5628512517647658,-0.06738994499910737,9.954853486134489,-6.480583321249473,-4.590634917082874,-7.163356448698264,24.233003822593673,0
0.18770020432950185,0.23574004759524964,9.37810476089845,1.8605273630343144,10.825280339033013,1.3917431732233478,27.22890934630808,0
-0.062436675107182565,-0.021480377824219184,9.963885274401111,-5.083415642882486,-1.6350865880488554,2.54304186616721,59.84073368405614,0
0.05500260172150552,-0.029501888038424965,10.084257938636858,-1.207487229353894,-3.1914136326424707,10.210348264639402,44.34286545085686,0
0.03281843838146786,0.01710393746912535,9.668984079187823,-7.596730377384212,-1.9140859480648433,5.730137875067075,59.711618732900334,0
0.027528232960650687,-0.004926868821825622,10.09949326944439,-6.693028998616244,0.39798931188018194,-1.941734691505792,28.163374065898577,0
-2.6461657700611676,6.888620391232779,10.767797255976172,8.865354444007712,-0.4613397432821685,-4.495593367106873,110.24921575885611,1
-21.913121649099782,15.537964758050396,20.091096984747075,140.05449456039568,-170.66755794074487,-31.20435002165337,72.64160730280649,2
-0.14628186722174805,-0.16387333447574481,9.687441085902819,4.660957821301924,0.5171906465405319,-5.028006878447329,74.41199464039016,0
-0.38387309002071046,0.5316754790009232,9.926291883316818,-10.636137101757477,6.151110878253938,2.479025105137854,51.21941757148314,0
-0.24666611866992944,-0.08926905100799758,9.89241516185123,2.0743275018095524,1.6542565230778887,4.705909332099848,79.30223400329427,0
0.16889077100717126,-0.2267235478478534,10.137630435324432,1.6475436778650456,-4.184603518981399,2.0649945606889877,25.197185651281643,0
-0.09033110867678663,0.11472292385521518,9.935711538874921,3.448539026225972,5.293642649419395,1.4982384391867407,79.96764086358039,0
0.45690895692240757,-0.13868258661151273,9.560242398004924,-1.3582755516302663,6.394329066566966,2.3631517292170283,35.49360879559898,0
-7.117595722028883,1.0743743241771915,12.195369157635962,-1.9366136461570687,-49.308889705280755,11.559091958881481,88.340761278954,1
-0.36625309499130665,0.07026441976095622,9.678905461027401,-1.847634644166793,0.9473991061054032,4.783515931928292,62.14392326483592,0
0.1238794362826873,0.1792200209549574,10.125735897481805,7.770802103573871,-0.24514670419018367,-10.317015762397272,65.71606254458582,0
0.2569196382970417,-0.6125204605272871,9.834507823744225,-2.28650827543395,-4.014122219754212,1.3177540597739248,75.70235311884751,0
-0.07372291922578329,0.11990638552579247,10.285163772490588,3.57304895318309,8.043904278671867,3.1866234151153625,55.763835866035706,0
-0.2848196666495829,-0.06794366757045803,10.16358319561592,-5.1927191042198615,-2.903241512769755,-2.6737833542216154,74.24681962877031,0
0.034055203575374414,-0.10459564032235776,10.089455489929238,3.3957138771909774,-1.5109029349131071,10.465989661049724,23.893956772304566,0
-9.859449913312002,-5.0251499133534265,34.53478192426307,5.259455935251391,16.68344243437507,-61.99370385121294,45.3674986103903,2
0.29480729518365417,-0.15981025189857342,9.81493210615429,-5.105812287801501,-6.663886987398248,0.170040481140734,75.95023718584295,0
-0.5962706743802678,0.3565179820344252,9.670513906184587,3.4645931151580553,2.770288855579536,-1.5280955553415647,70.16473404771685,0
-7.519742633200532,-8.918577498819314,49.50620798320824,-10.45016713717799,156.31084761434778,43.84730903101689,106.17265187420986,2
-0.24620469550551313,0.2127011272765537,9.31941025643085,1.2769187783715854,-6.777237515561446,-9.181798918851987,64.43057127309912,0
-0.6075427759972821,-0.36772969890070234,9.456882137803802,0.9531779563251217,2.8687221050220657,7.175436996111177,63.41207439986532,0
-0.363304859928737,0.4472178410549856,9.977544240122414,4.776502791188764,0.7253187297969081,-4.3923690067103,22.180444898974546,0
0.3171366678656747,0.7365900419732683,10.09571899870396,-1.17203900158161,-3.6657809855499828,14.073272222362764,38.0040249743264,0
0.6812078573413187,-0.1817144769010015,10.21185454240296,1.4436183141251164,-5.8611687671832,3.92001389655374,64.78712773142684,0
-0.04838571349980274,0.057329720405971,9.922945597078554,-5.42575263278899,5.504106992113026,-0.3131978866361743,21.318908888577376,0
0.27938403573485954,-0.17122388812484288,9.711379576958292,7.436230776679636,0.740447098991381,1.0318088566272534,26.13993077204379,0
-0.42461122261512424,0.11060199266187035,9.905189029782068,2.853064986097655,1.6927643814295712,-7.50110930723468,55.609784949311084,0
0.1847806820832791,0.05536539095911109,9.557520283507722,2.098049860120591,-9.540010685616538,2.6344896183289683,29.8838537648637,0
0.045118135942862285,0.28223135639646474,9.95392562602919,-1.7596065890825454,-6.467538126020479,-2.0218099634501137,23.32158901630457,0
-0.11686562341594098,-2.0746668784848405,7.1260981818200335,5.542607498395458,-118.9178691443228,41.117405082658074,94.20889456796753,1
-0.2971608975392065,-0.1676765541814765,9.639210966465786,2.1004724522592064,-0.012019204594269221,-4.403770448013651,35.513435818414756,0
-0.044117214450641595,0.2892261504865072,9.349108901481454,-2.6548544890598222,7.972211958745984,-3.227860360176975,45.48765087988471,0
-0.3243189982799692,-0.16927427959721658,9.825595442769508,-0.4722935722100138,-3.9997025335096708,4.756531221497417,58.166338078617116,0
0.46141096993979075,-0.2394891733615361,9.689952676455594,11.819362473096804,-4.364805452268502,-3.523642178054419,52.413036006717114,0
0.5266022527329614,0.09294621306810825,9.883213081387458,4.225789855921608,1.7573995017610082,-5.43027291059043,24.803804151737936,0
-0.5289120466088202,-0.15929908650054528,10.576869092605584,-3.452705261581297,-9.289507256991437,1.966535250026618,37.08048433078782,0
8.184452442017914,-5.475933844902376,39.07908028633665,-36.653364293001836,-172.6093400153471,29.40463971784871,92.43065595707625,2
-0.3588619872242012,0.5387633019286565,9.617653403871671,-6.188312111636489,5.863784226337224,1.5926050239943723,72.55598133117229,0
0.4100622802333574,-0.09492253490844058,9.85919471222168,-2.9230886532859977,4.100790933777422,2.7211017617017355,20.509734716432572,0
-8.063293563425649,11.5552975604407,-0.7396812621993512,6.303164185837951,-33.73968509574687,-157.45958414346214,75.9129378074232,2
-0.3743349545894548,-0.33590096838784317,9.301252403589299,-6.835689032301229,-6.683627194379653,2.467801021671458,24.385105461569015,0
-1.3672872809845422,5.56982376593227,11.721299467692974,11.150257734165182,-121.66063630025091,16.083025655385196,85.87213007181631,1
0.17126715320795008,0.3952182196902977,9.655081684494968,3.2576099566975287,-3.374670093952761,-1.281703391862461,28.56713820007308,0
-0.10828984974572398,-0.165557443767734,10.321669899139275,-9.089896126935773,3.4642879211871835,-0.413575119482466,26.770432671013065,0
-0.09780705965035234,-0.29192068226446666,10.14204471155638,-5.282788213801264,4.116399578388527,1.0965116860021804,73.68485424987807,0
7.6196957642893555,0.7914702962310697,46.37798693233299,114.69632941349771,-5.414746838886198,-122.79038680507013,87.49646263611477,2
-0.12806432098422602,-0.17492323157068154,10.067779201489794,-4.911470171273398,-7.1148746263083655,4.188821107732946,69.42466771473798,0
0.14799537026426676,0.2740753878699748,9.689216858226139,-6.187133191112863,-0.4647210330679414,-7.486288225893222,41.99826200578739,0
-0.045535528510674994,0.30908503620955263,9.557118944023507,2.3463379490426313,7.650975994316757,-2.288166246688076,41.40622942095507,0
-0.1573560798839321,0.5180891553700215,10.158232820914213,-9.835348517935762,-9.21896791740373,7.35517345408552,29.84381529592011,0
0.14197128737206344,0.4510194905301452,9.707237276885042,-6.596235972993837,-4.081086222709824,11.745378933503787,78.88528549532151,0
-0.5174753497539099,0.30955336184059046,9.745856025922812,5.088307334217513,3.6781099862287334,-0.3953367093227814,32.298753969554646,0
-11.607423128889794,-8.338172704377987,29.897668851208195,53.81825450357281,-28.23286919669267,-168.34393886494257,61.48636834663733,2
-0.09458077339210368,0.5207891409495747,9.71944080562825,2.993971947809551,-2.7505764146826945,0.22745738165376,72.08588959202376,0
0.08693245706892387,-0.004592954751898667,9.46656261291889,-4.122570807638367,1.6104115538349273,-5.350957814471658,65.38136328461806,0
0.38146652849824764,-0.13123749009702312,9.938777387856186,-1.2426430903722467,-0.981403256939684,1.256583241190512,37.210798738832,0
0.2597265582510364,-0.011552540850212163,9.827853470342335,-3.2604444429653032,7.943134640217979,3.4934440675852176,41.565429609849026,0
-0.17981779363320663,0.4176006859033798,9.386114550563322,-3.2488261342413356,6.656695309942016,0.8809491125134619,61.16546923660921,0
0.4433682134224548,-0.14683183275546663,9.528889441780962,9.962576765840591,-10.7619177230459,8.39337336686283,34.9386139496819,0
-0.5879010371639326,-0.29950621222163726,9.927079719678039,4.1302358572075315,-6.274613340011462,-1.1075663147606194,79.34751914652401,0
0.3406696920541797,0.05927988140771989,9.844037903595666,-5.688428352124083,-2.015379945325154,-2.6902387924506925,43.3660808046604,0
0.1539802299340068,0.3326110741748723,9.722328507888777,-9.598365780988281,-1.4401943696103818,-1.9368098227640562,28.530882583241098,0
0.20581543799953178,-0.04410060048854658,10.171683905881832,-0.3100200468301587,3.8201489078642976,-4.221620185915355,74.90832922429377,0
-0.08750812493798303,-0.08453538265815216,10.055832102536666,-1.6703861548997025,-0.19509759688772058,4.010642293090597,76.62598293272086,0
-10.1450944398025,-18.128416753194262,22.77105716328807,173.85841300052584,48.272169264155764,-210.65254767728518,99.52395609828622,2
-0.21772314394603967,0.14063227682250712,10.12914581352611,2.3502209368410107,4.567368660087033,-1.4254712852100697,68.66627397831908,0
-0.1660947916041546,-0.21150355672752266,9.878768398700577,5.898626041803551,0.8024481198674004,-7.757561245294645,47.59651707763777,0
0.08399058789594609,0.1367663316244823,10.064699918697023,-6.435817842921249,-4.282491187045995,7.20972502900945,60.622268892920616,0
0.20587805711235405,-0.007306377678294852,9.732543205457578,0.41913313964680465,2.1292182931491457,-0.02780146824035283,49.1160045405573,0
0.02025846140637715,0.6896694370857751,10.075768680372562,-1.1469537203401388,6.852680719983567,-9.259213657873293,39.15351786717131,0
-0.6202326300119629,-0.1745042741845931,9.642773480619622,7.3846721305913725,-4.94978896276007,2.75942985911077,67.5523860572802,0
-0.24248948560654543,-0.33107679516473126,9.922115686137362,2.3972075904303196,-5.331174659496125,-3.8824957024650013,40.837308458341866,0
5.109417119042408,-10.84776275887971,29.31513323166263,-104.48733259724897,88.13720940014615,-89.69467847498547,71.02114628237999,2
0.029123264804412116,0.2461446543592092,9.976008140442584,-0.06918873047118625,7.0926567257401825,-5.493102125889061,23.16955363451615,0
0.6459547372534669,-0.22618937666000288,9.79438737306623,-2.4557687357105236,-6.35030544356016,4.972236877544537,74.39919781711993,0
-0.7904818711838625,-5.86269542936838,0.5333969105105361,40.99947069096551,-9.904833900182766,-10.64951302645699,111.79352400625389,1
-1.9678276194779323,-0.07157990803340021,-0.20058044073518566,-88.65674441516668,-70.168837752181,23.472559634243634,113.52306216229368,1
-0.16874003276828028,-0.3762868269507748,9.635513811052821,3.0412309584248427,-5.511348702279277,-4.87403287961421,75.88942321513557,0
-0.20787287857819625,-0.024214974032574697,9.688996691035362,7.156833909155917,9.675770200301146,-7.635839282948238,22.365055107221778,0
-0.005553940797716979,-0.20644510355331713,9.159297735806392,0.9751249201406337,3.2027146753738673,1.1351723943244445,53.162233402732404,0
-0.2866621321801277,-0.04574095091416317,9.980362024678735,-10.603500763175331,-1.9676492798486442,1.4290164339736646,39.41147682422228,0
6.863630524530778,-2.3875791389278853,7.893434635895626,31.245367221522674,-33.03522402004239,-39.27201425989859,62.03573438324072,1
-0.0825155091454932,0.3273930361782807,10.089619245377351,-3.186538735143974,5.1472874079917865,1.6159274122910294,40.04627912519379,0
0.055936294430828294,-0.43931246406294605,9.832567911732959,4.706552903837417,-6.38152208269168,-1.7365114447892147,54.63120057339853,0
0.15658246968506928,-0.01367580490664934,9.856874484979624,5.106916477146992,3.3946564502963916,-2.57391337457371,66.84092448127174,0
-0.6905763494206755,0.18274143627215308,10.170839216541866,2.291933517757421,4.361576900142252,6.419084299267807,51.30985251831136,0
0.1954173753917394,-0.20675634542687035,10.06905179475966,-0.03260657614729031,-4.160306524249283,-9.296683858300288,39.183250960391256,0
0.31470276775106676,-0.16535571489856002,9.500581811805677,4.277778295103561,-0.6503014677681002,-7.226026322061127,48.914010026598646,0
0.2467634736309567,-0.010405466216034354,9.69956740036804,1.1265396102047078,-6.402277855012334,-4.04690410541377,36.18454795242602,0
-0.6114373605533562,-0.008191361852979558,9.5567427466369,1.7625248417843977,-4.876830136391249,4.262343217164753,73.9158146341382,0
-2.4581551347643797,-2.4153531899727465,10.291932882948316,12.622026812453214,78.36433223229774,48.42278499640124,93.93536932920006,1
0.0978399066726354,0.6184510729909193,9.925519466266605,5.208623320294256,6.967272637622157,2.5507873445759173,64.20767412261182,0
-0.2100863461588171,4.133155567487738,44.863569153499746,104.5829263305521,134.9732063982975,161.5319753417109,44.923442730786945,2
-0.31776405656668544,-0.46676869386108816,9.846557205157694,-2.695613515744893,-2.155627847875495,7.483552037229907,70.49692758546891,0
-0.1691173658411924,0.2103518226932695,9.829394946041269,4.269879882761119,-0.8018004052241539,-1.586752461212674,50.306933344640385,0
0.0519542777553546,-0.30048600296847466,9.863958988471307,4.242154411026423,9.86271088394904,-11.934649350978363,55.45197604370687,0
0.46534559265675685,-0.20204718727316054,9.720645547606818,2.410333636676931,-4.929019043339133,1.3103340454336276,42.31020707398517,0
0.21650161921297054,0.2167144073483314,9.282257981362822,6.002658292369363,1.5085000445086778,-1.1565047146484972,36.82730388560332,0
-0.21430542540791034,0.3351887494764383,10.212097563548888,2.6731454306121765,-0.8281570515881611,-1.0856553747310125,70.58869190178473,0
5.975846720837678,-11.238535551420055,3.0938693251750884,-183.90219321955965,81.98548848012827,176.59020990838727,101.47368568937937,2
3.7545600907157786,-2.261571881141606,4.633701967006548,60.396392461957674,20.158090406434596,12.041921657332697,54.19854679928094,1
0.13314582844386852,0.1630800463783297,9.886608088783959,0.859196698967656,0.09409524870299212,-0.4585301207256299,47.64273028089653,0
-0.14560906434873103,-0.09610419245829604,9.736660928351693,2.2864020230762057,-6.463126735761313,1.6222930217625853,63.473474549529094,0
5.532948600971107,-0.6392676213003976,34.286271022511116,-18.479719823739803,-276.17660612039845,-23.211315429744673,77.6259238349765,2
-0.391340850151456,-0.19478326351980213,9.55327402028534,1.0838778188131455,-4.055004318144224,-9.683763512512325,23.999589789398364,0
0.02146987116581774,0.13799164288173493,9.320562694434877,7.581970276267864,2.9308290019639167,-3.067938026813972,40.737622222169534,0
0.19361278487554426,-0.05558629766331249,8.894146353253753,-0.26202225288734726,9.488835083729885,-4.502951762680309,25.08596926557999,0
-0.11143225979873743,0.0044064584187591275,9.810245725246409,8.159284495445544,-7.384624637659507,-5.275538377402247,25.18745042720914,0
-0.25714726692488477,0.12763726853548943,9.775068328211391,1.9457959783396437,5.9527429717179805,-2.5460668129956727,71.09223031387555,0
0.014094178129422616,0.16298940871091636,9.707611541108289,-5.0202729842100515,0.00341409478741314,1.742975599304902,20.602818863289897,0
-0.004049167421380176,-0.30124223002562034,9.606935050304761,-0.1177607543711906,-5.354262093422194,-5.755768682764346,75.39716126083613,0
-0.0609136158128978,0.2802959733717821,9.551450892565926,-14.955679854503616,0.8923833194269487,-0.28695351500771205,61.572705661799134,0
-0.4544541674057594,0.008065751698359233,10.202135133806944,-0.3176228730767755,0.6953019932670883,-0.31561506555624125,58.29346490243669,0
2.6381258783565533,4.4128702882146325,9.447677437372228,59.0311406163688,26.369162880510704,40.90460452890851,62.676891941126335,1
0.02979969162876776,-0.18285366064778494,9.031299902361408,0.49033769769472274,-0.9072453462375838,1.7417086962306345,75.24538706328403,0
0.29253592002532536,-0.0732469905871946,10.593303004105111,9.935305558497205,10.479217509045796,2.365191410801076,31.94941385582402,0
0.1071046457895142,0.21979202316467375,9.7734911122384,1.6692998328426734,2.557497876809307,6.033040774319575,32.56090396304593,0
0.34743326205002034,0.09079063957170996,9.040913743176102,5.057315177041781,-0.9896886449234094,-2.977674675919296,39.744426767643674,0
0.17296708891672993,0.6957988619945082,9.984731344931344,-4.68253187394798,0.3659849550084725,-2.3058486601730945,41.977183172391335,0
-0.43442530244919725,-0.32888252606856055,9.913130118170656,1.206609674583905,3.435328979294581,-0.23685351272217975,76.85390757944258,0
-0.15052711307536096,0.55401219772081,10.15630381653847,4.29793943489901,7.517099142144995,-1.1215948543905239,49.33705558630712,0
-0.021603036474100154,0.08575961721747148,9.500209330311527,-3.816430520892908,-4.391615385898694,0.9466415364618707,50.73563383257563,0
-0.4055053816849001,-0.06110212505308976,9.98510178487301,-1.8460360022372306,-4.171409050173124,-1.2814041212578622,25.34058409376053,0
-0.4651990293198398,-0.1665598580079595,9.732960205288444,2.3681603840572722,4.568858106927928,-1.2153059944043325,49.79092533383629,0
0.37134489359203854,0.40924212899215323,9.576529206558066,1.5055366959587104,-1.137381299767039,4.713942570700378,27.612369683785598,0
-0.8286948272462449,-1.9058694004449401,12.028829995146522,-131.65723795545767,-97.6812803149867,7.013937684677987,52.88800186051378,2
-0.14790028039764985,-0.011166670952952477,9.801926680943282,-1.2204023683710066,-1.0672838967521912,-2.151546599773212,40.30207195551295,0
-0.4822449703683682,0.19506035338759828,9.821015648933955,-1.0850852521218521,-5.131846038329461,1.9065480613239232,31.422907177822083,0
0.4693930967442018,-0.2192790119825757,9.52327694465045,-6.9052230157688745,3.605676812727908,-0.7245228954071565,23.774448561081435,0
-0.5130505177969876,0.17462931104058474,10.033680951053634,-3.0608345857741037,1.1211737226764589,2.5899738819572593,26.63258997851483,0
0.24815497471080714,-0.5668622192836593,9.403993246633789,-5.559835128870818,-5.1201429544318975,2.457528236233918,52.99261526937263,0
0.13327899344581193,0.37877523102815464,10.226710958509553,0.717939682525801,4.248059942581065,-2.4145491973025885,39.69530535664022,0
-0.10908366366415675,-0.3072560472987615,9.632509473816192,5.243535632082818,4.747972856822441,3.6141344749275603,25.88267228665639,0
-1.2833550558027818,-4.592660616698157,39.68130262747582,-96.2639289642215,-13.747131296702358,-82.28099011081562,91.85673419588447,2
-0.21814115274746057,-0.48453954477165284,9.692069406263276,-7.333925953078385,2.5312049465296305,-0.12116416934846073,57.67752412057447,0
0.6571366877429935,-0.4569560714351324,10.125794634852511,2.4134394360460636,2.3758387324769084,-5.477596944227812,76.87139403521965,0
6.291249695966532,2.866756088608026,31.049021225879535,-25.982783704340832,-227.96043370306575,-131.88470694382312,52.46012982924238,2
0.1627680130757894,-0.2683821906658512,9.724293949362114,-5.7413164437630915,2.256126596592541,3.1666341303561922,21.268989400964976,0
-3.981380187432315,-6.67347878986099,1.026381324291627,83.85788043365716,-168.83729545247866,-111.04707091715473,80.35368317721705,2
-0.8090659928824715,-0.15858500452492705,9.530364785503062,5.795370324779489,5.45430835301849,-6.963677360834982,40.24154470143678,0
0.04509052843856328,0.18924350536643325,9.614824044035924,-3.778957500791815,2.7415981377724936,5.921283225980865,38.770677680340086,0
-0.005704862370806649,0.4926045480409107,9.621301611786953,-0.369737828041963,-9.200388722528764,2.0210643263866603,66.47915718758105,0
-0.15892806113011163,0.17719644920769279,9.884986361463843,0.12694210271205092,-3.1386695304225283,5.697777680127346,23.35558100769354,0
4.902325932666318,8.734442712597165,10.98322259658083,-70.29512681384281,-42.96953354151826,-98.8604243569385,95.32044366508757,2
0.14369394772391755,0.6040161742579869,10.407292886986056,0.3601843064187238,1.285994851779637,2.7289335676617776,34.78089483453811,0
-0.42225350841534637,-0.23546949392467198,9.47382621834116,-3.6651649776199466,-3.6968570372951817,4.113913904170012,20.085700584750604,0
-3.2231986195368187,-7.19285895763643,18.80164765400593,-132.31766236535435,-60.25743380965519,109.00533777450627,57.134100219166946,1
0.20090176464901152,-0.36718208002867697,10.136309200197342,-5.48651263816422,-5.570232250809966,-3.806776349044703,79.91364839513773,0
0.4488132934467549,-0.0752499049365142,9.799787421627007,-2.355623259089393,4.053993227958549,-4.194463370128681,24.36417570663179,0
-0.198787127683754,-0.021149633417727364,9.794221886079683,-0.9734864805834085,-8.190145287180083,2.4820005886697056,41.96169594479092,0
0.10154892224832424,0.2033777614017807,9.742988289499552,1.32010040666835,-0.7516023013593603,1.0473504182388629,54.33702887252007,0
0.10252679273314783,-0.29474621806149287,10.0175287360544,-3.8499803309872864,-3.47847438598532,-3.4313956787754223,52.28726060238879,0
-0.172745472193404,0.3708279525631312,10.077864620672479,6.144902512445309,1.69343658960845,1.9368574031649493,46.5239727870845,0
-0.010747811732985462,-0.41379576840435817,9.682472555286854,-3.9299301631749115,4.407037644617856,-7.687923982245877,23.019375976079836,0
6.084048956673141,5.7679756232450865,20.9148589609343,-72.58881167138097,94.09756996241981,-117.39695397869976,42.84897202182732,2
0.18723594511564653,-0.019241503977897763,10.130287890499572,-3.7124211626919204,-9.15841123603013,8.497179915043548,50.725314601919834,0
0.0996942035938775,-0.08848490348760833,10.048842452579525,9.162785217396008,3.464278779089058,1.002298157068645,77.9612875478125,0
0.3832994687365275,0.1838321715187709,9.328737154379452,0.724439165484456,1.6148725180883408,-3.150124897669472,53.43510999910464,0
-0.07104558202200266,-0.14516575021629646,9.584254004227274,0.4099777820678021,1.039012536766567,-2.408829855467376,24.995459483037926,0
-0.18345534089758447,0.22982408351540706,10.008043673574198,-0.5533268427866472,-1.3999665093723987,-4.341304807991662,60.56558204987461,0
-1.460963909959386,-7.076201214957595,12.75730383111122,35.444660130619546,1.9055673948870449,4.946505998090547,92.49168734779538,1
-0.04271384550638805,-0.19887027526528445,9.554873410679544,-4.165280285003793,5.409924046249711,-1.9247144420504059,43.01654242130951,0
-2.577361068087937,-0.42788587943392026,5.017318602650116,25.008094468986833,-1.463914034169399,85.86912706570446,76.12376182539396,1
0.11974083430562125,-0.5599609851219179,9.949322926727419,-6.047384677094026,-4.2247071929674815,1.7848637963346305,39.01478082911266,0
-0.22661487970599675,0.0905375699458398,9.541167270787065,-3.560869320880218,2.1409312390528807,-5.430631495907049,32.81224867303708,0
-0.42742445586403705,-0.10885156813189771,9.599556774338302,-0.21738474906931216,3.4760145004199967,3.9179483239930333,74.35470027407885,0
-0.2758272702701409,0.1320043350159997,10.039982570582616,-2.086834068025422,6.997973225728967,-0.5540628013954375,66.3704050055902,0
-4.204880119130011,3.894904923409471,8.743198978694132,140.26966472329798,-48.63171778929758,76.11499413884816,82.99335508798455,1
-0.08082205033336733,-0.026484614505376446,9.942907330806866,7.814443842540989,-1.179849936054858,1.133421242472986,70.73064865043364,0
0.23749880818888075,-0.22628275500580736,9.714198733435968,6.707379577654406,10.339531690817761,4.502665386657958,38.875258004843985,0
0.565855770363159,-0.4079568422939758,10.00177211036082,14.745472126543627,2.6600309941097153,-1.4712125281822883,67.28210897450133,0
-0.032628044537057276,-0.4168717400290788,9.956336728513802,4.476777153812998,-10.949608524892767,1.3830038275559033,63.370352234012735,0
0.4105894672597046,-0.03894620992002785,9.85515486342611,8.520527581277456,-4.7394635863449315,-5.663924756338725,68.45755217377851,0
-0.39606996210619266,-0.18041029318536408,10.156674011442394,-2.0649891107171703,11.518193760523944,1.621701050074341,58.85118773420979,0
-0.13780826986207323,0.3905223868196394,9.372812854264957,-0.6135446679786207,1.5817916076807237,5.107576963909319,39.92004212706075,0
-0.17744582204624654,-2.072276077900227,15.953792683235495,-80.71258024851615,59.758420730786746,92.16940637129672,66.04026705009083,1
-0.28134751197453683,0.11804561562652488,9.324759217098354,-0.9226267882792477,-12.661230426098427,-3.131576380915035,54.12876418603237,0
-0.2944525953143853,0.298880045834142,10.193092623835883,-5.042773420381041,-3.585080745639681,-10.108993199809737,75.24625097816453,0
0.31126198327736976,-0.1095964653936326,9.856911850283119,-4.759592300111178,0.039400923473640756,-0.04056600805875145,27.902572112381307,0
3.2529762737813925,-9.864810440118841,19.904623335667264,-106.04629688292754,-124.55896259870758,138.82005372443865,61.95301053085454,2
-0.15336470292935553,-0.5899069768128005,10.196391209681904,-1.9426038759150464,5.858589573580798,6.3075962626775794,69.07780966094921,0
0.3379695088643272,0.5106644833905714,10.253346479074205,-3.547205012137733,2.4682742382157543,3.133068186315354,33.41615289942027,0
-0.00627047818924444,0.33245484502125494,9.767809356798733,1.2465429782086443,-2.5089209640576597,-6.53684891115482,47.576885103975584,0
0.10009863158608448,0.04096059932482123,9.391047798622157,-1.0610448495057585,-1.2033258726510652,-10.857857023802238,23.795204533920774,0
-2.996273206002007,-6.688733361757012,-6.244766885497533,-158.45921320860379,152.93141120250976,-56.371735720456414,40.763116322043594,2
4.154424276835266,0.8758556634239003,10.997662510416697,-28.59308539315448,-108.22502904554977,-73.570761468761,93.93757059579175,1
3.7518246251877416,1.618243260969753,33.59099824306267,-44.61348138281861,152.7257680765518,-98.14702105662066,83.36266760777616,2
-0.6735396898914101,-3.2590240112941924,22.871373043949973,0.733412904910168,-77.06322216435086,65.37219498459844,63.135452157269576,1
-0.0036740318540743866,0.09640716463508192,9.431135121664276,6.1543725657736745,7.487158415898132,3.406811632876527,22.86688188088432,0
-0.3753340729155909,0.3625098691779427,10.22047957788393,2.917721515059438,3.5527455114889266,6.362850814642847,47.20497383745608,0
0.3538320362163861,-0.4778981200595008,9.905434462262475,-0.1571958518738821,6.296166198933994,4.198319322155944,62.83747687188629,0
-0.226905223585291,-0.23579683815238484,9.634838945152525,-13.737524213626173,3.015473424744168,-0.16962612963954438,29.290483678847295,0
0.1386310422789812,-0.14812697494839375,10.218705143236988,-9.813128458362895,-6.4229213284998465,-0.5064035935076644,78.10514783002446,0
-0.18119555601474616,-0.06742962056780506,9.30704335665375,-8.1523662185757,-7.370660660210529,-1.1553473872884015,61.97167222415432,0
-0.3830245727460928,0.2711804523258586,9.604992819677932,-3.088208384668483,3.7554972725365503,1.3213413582281828,40.41337966707542,0
-0.06928035906260338,0.3714849214300907,9.743263882766891,2.1274496662011515,-0.7497035953955468,-8.083566874740072,77.69262337286656,0
0.1785471076310741,0.35610909166811405,10.02437307683526,-2.5287335213096833,-12.466354101650388,-0.5363238290547088,72.94647148085491,0
0.6182243774645961,-0.35627952570885385,9.8179797890799,-1.3944169707537826,-6.86429725740532,6.848505538270924,32.07051393733277,0
0.05331030027997615,0.060170759169282856,9.510872322136818,4.892110560140176,6.81281426356226,1.3954192917259258,24.314403038986736,0
-0.21459111277799045,0.18405539181912497,9.770423560314722,-2.2152201056424117,2.2209916364533595,1.3829075279552439,51.556794614087565,0
0.1558039542723517,-0.7498217144620719,9.783531799815115,3.147647921109054,1.1639337147008182,1.537017848598442,36.131692698740395,0
-0.6220170697224449,-0.18293487129581465,9.653831430765935,8.512573290648028,0.7888071964688474,-8.156675552085366,53.472751014673136,0
-0.1261935968296077,-0.1180016436982082,9.9467561390443,4.840923302664305,-4.689627882681994,-3.8941852141021736,32.607066556412875,0
0.022228434125932554,0.49173504163322024,10.627898011673324,-1.4991909813744029,1.3340919814770094,3.4793191954689267,33.9741103189689,0
-0.033698414907248946,0.050808247210823394,9.879608704819889,2.0430365385088383,5.9636758270820724,-2.9000816632684234,49.68955709603278,0
4.191684096613878,8.053840569816519,28.458846769793944,81.44736831353028,45.771074104121034,-129.54394225992468,74.12735208435147,2
-0.3549775537997325,-0.16724753550235008,10.042136778991194,-8.519357934133595,2.9822056879087633,-8.905792072328166,23.13997143803977,0
3.1290230154618097,16.785771796373975,24.3149621265786,234.3500858987413,-15.182267634474035,-185.21411318228965,97.13225171137393,2
-0.8686352285474265,-10.089111669951802,11.183665092597288,-86.45889807149513,-72.60963017885311,-8.811211275318053,79.65736080626203,1
0.1682353579104703,0.27739010487383065,9.781801755855614,3.098557229830681,2.848801785993235,-5.451042033997149,53.75932537416455,0
0.29266353813670776,0.18987954532665322,10.141963568338713,2.360011354596372,7.181677028529893,-1.1850598500631386,68.1095539925309,0
16.28698828145434,-3.0709979306462625,12.38648136797384,7.637887379582125,-51.875421492879624,-189.53235584611184,78.82245736881586,2
0.661614641198817,0.23348116327158258,8.888195706103767,-68.00526109755738,57.528978388060345,26.314757455260324,76.18587821074368,1
0.3477989410092744,0.7674597857004757,10.093657415234539,3.798561477420842,2.912856594044026,1.215458638303494,72.20149553120993,0
8.949058673233694,-17.666246209826017,27.668672051336593,140.61721719286137,-62.021625980859426,-40.71734245657909,71.84438725431502,2
-0.034420932440069704,-0.137665278860682,9.235445286350709,-1.0902294769618692,-3.070612825041581,4.460337998658603,50.57053239345211,0
2.8779118010143074,-6.539265075314718,3.5611779962209624,-145.10384534875274,-29.283402260536125,-78.3540186998497,117.02963952014477,2
0.06967610914830107,0.4331293812219778,9.250810130943064,1.9480708868545193,0.3857824810885837,-3.734616425350838,30.469909183877313,0
-0.266854328887657,0.03843132447323678,9.813080733911736,0.1911899748001417,-0.3872173036299682,-7.714016091214498,47.828589480462576,0
0.54697252774127,-1.8217569186860227,28.544328688934513,-28.971667766999172,12.96169451754011,56.77745439213444,45.423711666249005,2
0.10234559244499317,-0.19578719379071727,9.858382236571174,-0.2510230852087239,9.035983218189426,-4.83123159876627,21.084865532341126,0
0.1862016292652034,-0.2430757311043143,9.878084151974866,2.5781404422197824,-5.248277494549706,-15.883519065980003,58.03336770994651,0
0.6638993505000798,-3.7616267102824907,31.84043808282508,-42.93935201295203,116.42100990814309,-41.33726505029432,104.85843721843301,2
-0.2957178139006631,-0.5981206927714366,9.602565053277424,-5.524313965312601,2.223869039157974,5.748360094393735,75.5715791848776,0
0.24695117518857435,-0.07460733785506413,9.804281920350931,-1.712746004288825,6.18826878755999,2.616115928685166,25.36039413751201,0
0.025976936241869975,-0.35103390781780786,9.74724367867038,6.02997258273408,-2.9296383665887764,6.965906289674529,44.721064337099385,0
0.5029311936825848,0.513512544042703,9.777214692907243,-0.34317023042734307,-2.487854191926036,-1.4959088621371723,71.89969857246658,0
0.2778532642594924,-0.20042713609291463,9.912922857829257,-0.22756122650621086,5.325859828571932,-4.793892280933874,72.90253817831508,0
0.3833030465695527,0.2684773130833324,9.51802906966734,-1.6062138305895584,1.9790989054796153,-12.490305087464698,33.06198793143395,0
-0.19599876977211356,-0.4729176470952748,9.54014754553565,-7.02783509589321,-4.0248324042628045,10.981115710763996,44.52197373625604,0
0.06961498120729089,0.00467371427444026,9.68911689918691,-1.4830372953489919,1.5656607000657765,0.13656689925719334,29.414157448767206,0
0.0037777202345384577,0.16917273601570787,9.754618014903947,2.273704560705672,5.371590063577807,0.16203506670068107,49.0527883608585,0
0.5264382545953094,0.2865915625711532,9.745041014383885,2.861951555878379,-7.034075047487692,-2.4205924729240884,68.30560260797157,0
0.48972339117949054,-0.3884044427162717,10.109763861302499,4.240871063333341,-2.0591168448182864,1.4544852879500294,36.41998309528746,0
-0.4133008103871273,0.20946699408407696,9.259058097123217,-3.1217269485661205,2.1798769475002295,0.5526765873697006,32.45068972309274,0
-0.2968814460775743,0.6168621389820966,10.225880901354092,0.9521194496252887,-5.880866682773903,-3.335945423887527,75.79530578873988,0
-3.425394073124816,-1.7918453537999004,-0.71426257084598,91.82007386126466,-29.4937163411358,67.18126671320287,104.34089235027601,1
0.11521963468179218,-0.11373832229624611,9.591586060673283,1.4781224437354754,-2.4846601255898912,-6.784677848497877,33.539874983123305,0
-0.007237526133000983,0.11434751546483332,9.673771461895685,1.021945158014884,2.9567462087920013,-4.705113503331895,20.229817430019356,0
-1.0158068255889403,-10.026286282146867,11.638336892440485,-64.5828712441235,-0.228248020247963,-70.66568747948148,110.19913933851905,1
0.6366468591037899,0.14820905588482164,9.441908950473056,2.5539604426379734,-0.6382734075909506,1.0476711513139716,52.28567984726668,0
3.275508245138018,24.78639547257006,33.43177723914031,-171.69974419496063,14.019620900662055,-60.515761897514786,58.64425503878869,2
-0.4148399192893008,0.09650934185880408,10.04536689740751,1.4366445220150466,-1.1136035038830352,-5.970947005461447,54.13528435068298,0
-0.047402369573696826,0.2581420465079236,9.20896885468645,2.267543562772337,5.18043825523128,1.931913269240305,62.53400037509495,0
0.3092998567487853,0.42615127439695644,9.901545153038509,3.4102603285630995,1.8380992010485544,-5.098476598544284,21.081740537534735,0
0.4649803215052618,-0.15061626730578334,9.315106817469024,-1.4754495711895315,-6.710638742425576,-1.9412152676076944,68.19023069796387,0
0.07632625299036393,0.22774654809079403,9.869210271715605,7.6050311357969,-2.241123081500747,-4.830783616852085,51.48033840113733,0
0.18888865257708368,0.10394654276939781,9.711355904591253,6.644666597677048,-1.7833656708993562,-3.962617235576063,73.39018364529863,0
0.173121638154162,-0.7661763404705865,9.319728806457046,0.42604724816950534,-10.885325232214274,-0.5023786028585258,68.46988710959734,0
-0.15208295261133892,0.03767293604146268,9.697042317350778,2.7906975725925314,-5.386880384923791,5.125545762908867,35.73645930889909,0
-5.923920850657268,-1.891590693886875,-0.007075508711444911,34.9443306165639,-75.44042964370324,-188.17731761040608,97.48829925521565,2
0.21348446342666694,-0.3731589706173855,9.31773204068931,-0.5838295789762331,0.17013705536116025,-3.3417259742340084,56.22756543716708,0
0.12403047096711026,0.2988143057417449,9.513069086954598,2.7827656226687907,-4.46393757745942,-5.460707967143666,61.64789923857421,0
-0.8800439896084118,-0.4200405483092174,24.439294756446063,-174.60655261086623,13.335525035581453,-96.29160478378043,69.89202370983874,2
-0.04330812357718274,0.2019544053809875,9.85968444403895,-1.9784035587813191,-0.9769517558851198,-4.011400135697717,76.30685842462447,0
-0.27664959725328764,0.16099582575818586,9.742728862481812,-4.301925053897509,-8.00135552251855,4.687387462534625,33.991253265296976,0
0.3023054906801513,2.2816846934431823,9.061181387886394,-9.512261544987403,128.7494955045893,-6.488339423485005,108.88503491837756,1
-0.14248359334828684,0.19569686352402588,10.179712352259411,-1.852540492950145,-0.5575441357147185,0.8214738268528453,77.04468279276031,0
0.006301152489827715,0.10948830073986762,9.637197860079795,-10.50013253825812,2.3771534126331173,5.0296225589820835,36.67346755926536,0
0.07726511721682931,0.19364525434232263,9.760209876085229,-6.755371831040106,8.805940624336868,-1.0017628889708194,28.137596960438806,0
-0.06573015864265927,-0.4840684193630223,9.845527397674623,9.93637999615404,-3.798515587401435,-2.922276459252191,30.69989074569298,0
-3.0286379457052335,-2.8880737860205574,0.5724915187648882,15.502496799805256,36.77410355560088,22.536040565102642,88.35911858067675,2
-0.4140304374644674,-0.16607647251239838,9.64731091228775,8.129794576810315,1.8503055763447769,-1.362723606809046,63.62976858440831,0
0.2437577467182594,-0.18383660714531586,10.189098363968334,4.345780321946366,3.3270841184588935,-4.958483317201552,66.98960174167416,0
9.989660505679415,-2.5421643952622266,13.258708070734537,-21.740853452766135,2.2544915601519366,14.452605432024455,57.83600068462029,1
-0.4783282976383101,0.03756735079437218,9.597446517507686,0.9191725816125218,-4.119677434859998,2.436526185224974,55.549608750584305,0
-0.03210910798636735,0.501771716051311,9.657133737936602,-3.5895944537380093,0.035892334539709705,-5.785583093566355,60.1589249818101,0
-0.0414792903513554,-0.15481341846521215,10.212462925744456,0.8841043606969899,2.1272243209208614,-0.15601744469541987,77.93107509408598,0
-0.24928503492331133,0.14240946986398584,9.980956229324704,6.285746084312864,0.19723524120369745,-0.3476614312113469,67.43081645201886,0
-0.32446440108431845,0.1523973980737631,9.755665904354759,6.941688891042239,1.323876554889898,-2.889603884163553,53.606958980560904,0
0.0921898562629828,-0.5994602053596323,10.279594151151416,-6.561095967157032,-0.24044253665386292,0.6313386811703409,69.65661568094919,0
0.246618047998347,-0.2029176906177809,10.451282815249344,-4.979076973951146,-2.6293983794760196,-1.4868803962155321,30.00724011102045,0
0.001534036992738267,0.361952689952507,9.954172354897675,3.9518594802585567,-5.766752552979797,-0.6608467782218592,31.86141818686925,0
-0.49645700155973077,0.08477398514648989,10.019229235719958,2.23436250401349,-1.987788827458607,-14.571279949084705,44.90643061129596,0
-0.42199832905446666,0.3680799671652923,9.682396208024262,-4.483211136576041,-6.395153681098932,0.4890664654665369,44.3000659152529,0
-6.011482434729557,-7.619777816042555,3.2057314906707646,-20.645881695739977,-6.365438120485219,20.361348765373222,111.0050457452953,1
0.22557990980603224,0.05822699786949227,9.669354088829047,-4.257032171301568,11.600203610086297,-5.199032655134421,24.351339017268884,0
0.2361253811227356,0.3987457590397294,10.022638247321568,0.4284358070167952,-8.43672173555355,2.3991351768341653,25.690951595189368,0
-0.3733964109934251,0.450400095586646,9.906684004635698,-7.736519944691827,-9.842521067190269,2.446272675381638,41.1025890775285,0
-0.022330028730013884,-0.22037747303941477,9.675960451663018,4.876562292389894,2.8405160256432307,-5.476352594214023,74.57520170322664,0
-0.15772650650422831,-0.47115018108695306,10.058718041714828,-5.210222061215514,-6.114475097777819,0.9895833367103775,36.082831242718264,0
-0.37826518630051353,-0.18766881045285883,9.606131807046859,-4.538780900734602,-2.388227913020026,5.376717009784489,22.253973772638837,0
0.11134376201139265,-0.41006360952462634,9.769023571955287,-0.9344807908099242,7.144288539067837,2.0527504266380827,53.35224885193756,0
-4.513569438883892,-11.830216990770285,18.45866022759081,-71.3053046858,84.37682366832591,1.9349745480566924,65.83829866910463,2
12.322591838559088,0.756968357354864,14.872159825082557,153.42902015272495,90.59505193703573,32.30171043061919,59.989397220634345,2
-0.5756313645897124,-0.09233347048590025,10.132124200786093,2.4093303085924576,-5.909370627104006,5.730150720710325,61.84589703423155,0
-0.015071432834741084,0.24532988976008613,9.751162128178313,1.7922680910481013,-6.579079082137536,5.289070904103981,38.09973449786893,0
0.11405935530178896,-0.30474654569351906,9.903136364464967,-5.5183491426518465,15.760283672560425,-8.453358138032259,77.46599949057335,0
0.5494376297563061,0.0959345802427611,10.012491154160319,-4.633491544236554,-7.3972211156986205,-2.6636274910845175,78.13666383045748,0
-0.06065779573016822,0.5742094061600358,9.842882928429113,7.8170667941605405,-2.6680015321958344,-2.3229053905780916,53.89715645914839,0
0.059717908672041006,-0.46697456959792527,9.63134959202651,1.7482502364984684,4.889077748431002,-2.9921879029052345,52.43316052333545,0
0.2345468615331931,-0.32102542989784577,9.871510694820437,2.164799126803481,8.142342773861609,-13.153650684145317,57.692395825582636,0
-0.42055531883768427,-0.21003624448175195,9.984610245203918,-1.5676484308619896,1.2898799061059043,1.038016757003129,59.01530426561969,0
-0.16988931888083156,0.11316356251935625,10.042417339484345,3.034252966078355,-2.946358258946531,8.99362509175656,40.23274942437715,0
0.02321049229428549,-0.001821273461967997,9.986662143213021,3.8410360831586865,6.09097355877128,-2.9466611571368095,24.71059210721659,0
-0.3841288057488849,0.20891623423701458,9.982016917740856,-6.465707718793238,6.627160545475393,7.034673729458754,76.32315811867178,0
0.15149618369413714,0.3236042500293887,9.635382527677713,-4.238169643095424,0.7049134980603,-2.949461588778039,52.74498078676614,0
0.4426068650848656,-0.6460170340811144,10.178576450214198,7.865098626074282,-7.8392971268272795,0.23746734125821478,76.47673573440788,0
-0.026736011853836523,-0.30442701920786003,9.845706461610117,-5.838897756339675,-0.1750380500311795,3.401151042088146,31.21443778700709,0
-0.07024601241700079,-0.13034886822969466,9.65517694334539,8.367260451492685,-4.761581903693985,-6.834291816404132,34.60802264400561,0
-0.3506034112858596,0.05598273694690743,9.85714990393372,-11.096501863737675,-4.9115179018865724,-9.450050855914714,70.53162385238687,0
0.5894175398749167,0.1674980737565167,10.055269388650393,-2.6560714730379926,-1.8001963437849136,5.94298411543504,31.30999116773367,0
0.06103909076016693,0.28701069503837523,9.111145714058829,2.2884329302677604,6.146073921485252,2.7669449153721337,54.61616740069038,0
-0.5522622693994935,-0.008254471515190875,10.009648526060761,4.233853876082469,1.8957655936306206,2.5943559022006104,48.9335138202396,0
0.24405289080019155,0.1487045663917814,9.950253342483338,-6.996530874009707,-8.738182549141309,1.9171751570182207,61.60405120574264,0
-0.5612375763077567,-0.1329846753574531,9.729794042267907,-9.103016502742586,3.3235137266655497,7.260588495912802,61.142766129480854,0
0.06422812323906119,-0.07415321475617907,9.75196016133001,-0.21411690655787438,-0.3698643179718902,6.420478969740586,23.937565290669053,0
0.01928400572863883,0.011401043450460085,9.472880276767146,7.016849850625953,1.2628442299831175,9.344089202719266,42.571428126177324,0
-0.23190293515663993,0.2560246676340923,10.14013102906012,-0.9823329171404859,4.520087773806572,1.1163541796013043,53.1012780683877,0
0.3175273460548763,0.28916373503847287,9.862897824582388,4.757246385290433,-7.71400757604823,0.5124232107910377,71.27092615464497,0
-0.4390544844396356,0.19461296627689278,10.381678699717487,4.066025933739886,-5.376561965246189,-5.159776210472175,51.62045747489202,0
-0.08659759167604149,0.6757307416032926,10.741324560097999,-3.791410344437951,0.6153910082809058,-1.620340876044851,26.884517500291516,0
-0.029013933561117713,-0.05809783778391543,10.338563406773698,-1.4156944837188357,1.0926702120547285,2.962651536588807,38.21023454887713,0
-0.17771817727166075,0.008454347210738474,9.52981377960564,-2.08097202442627,-2.6228350688352546,3.4523634306075652,48.242059969463696,0
0.26169619101620345,-0.5078870442586156,10.137233815995804,-1.2808987624769006,-4.159774587472256,-11.858296804294461,56.925734901975595,0
0.2572978869606058,-0.19168852430685066,9.528280309741215,-2.329027845590814,1.7335498880245994,-1.2453592232652035,72.89812095052463,0
-0.455810989786204,-0.16509154615362603,10.100174695412894,-3.289172769260685,-14.64724345001134,1.169240128947992,34.58747182536012,0
0.15451058016259792,0.26855796600831966,9.880137995303446,-3.0237233226910636,3.4103474503131563,2.4703195948775982,72.06338916830555,0
0.07514785510376296,-0.07237081735689896,8.98903031210023,-7.929916561189792,-2.5969818591306333,-0.3020186459845415,54.713835936761264,0
-0.42904241338818977,0.3482480362135558,10.138011541048275,-6.162616573842545,0.6596398338597853,-9.977658902258693,78.80032779180902,0
-0.6117696533280301,-0.41094089387372335,9.50793614008866,-4.622329940647772,-3.1714292384470157,-11.152340095622295,66.97091707919945,0
-0.2927619758931998,-0.2633947760269683,10.005070796960144,-14.534941096608208,10.920483666902282,-1.1795826465606196,50.69153844856958,0
-0.15907728551173222,0.36830069774198765,9.396238722958037,6.0897957615277925,0.7468174113559445,6.338257555939869,24.524730559567296,0
0.1039344628490927,0.10561661895428903,10.003362595859272,-9.399621925695225,-1.704539386730399,5.638901253169493,74.68050897298453,0
0.034268294598611894,0.45403492297263925,10.051682150140884,-0.9713456598925965,-0.4371766438859054,11.941859964352194,77.6966865352668,0
-5.5280702747697505,-2.4154357249478187,16.16086291202762,20.99542291496355,67.66117767098574,-82.20159764186576,73.95112144580082,1
0.5437345673990785,-0.15871580320388842,10.170743486002083,-2.0798346397367933,6.453222304612735,3.9835096353537103,24.304120624845496,0
-0.2894770381740313,0.01314344159373288,10.340153354453257,6.234458577673597,-4.17161522745791,1.7518510819316913,66.28840069157638,0
0.28901283877329653,-0.026920708286168014,9.726181253561016,-4.47673161181512,-3.545104788152452,-2.1638694179419433,65.41561070762083,0
-0.4602342512206867,-0.21552217967075923,9.569257295063812,8.694256759266656,-0.8954664250807813,-5.292203168208264,44.648983734045665,0
-0.16347572604268493,-0.21504669618084146,9.869021227757422,-1.5042987357041313,5.0473589429798436,2.0481805934199686,43.90872572655286,0
0.15451430589181436,0.31486581459580054,9.325642789390361,4.485330984435661,-1.112374483891327,-4.284259325638996,77.995446213399,0
-0.18680985594617813,-0.05890495472549348,9.795664318736517,3.0623439700680115,-7.98799584797716,3.028031163156565,69.81217306074572,0
-0.25750733405436405,0.4478065706878565,9.267129430130504,6.6432041412411555,5.5841688776497715,-3.3271114906473027,29.563693086284133,0
0.07791675051644456,-0.36290842285233227,10.014614394632375,7.890590287810922,-5.998487641826541,-0.2655340084845532,76.19421308425035,0
0.12247582671434154,0.09695031425543443,9.344637875995758,-8.656006517224627,4.437519837070297,-5.230605425312521,20.76929897063635,0
0.05237334384955169,0.2238760698081662,10.369964580468565,6.223397903683933,1.808305306235083,6.78291692913991,37.83284683070576,0
0.1897223217166563,0.08806737964998879,9.848005467755836,-6.585659599732924,1.73780806901776,3.227938560870967,74.50460643611417,0
0.14430276952101395,0.4585405279237595,10.429916536749955,-2.255794292044994,-1.9883984680730202,-0.08305171162954494,68.53151234201391,0
-0.3737216336135964,-0.20459527439933956,10.00140202293514,0.29011367404197613,-0.3783280216291513,-12.13196035267604,52.96470992365787,0
-0.36425658383631965,-0.34390361790560636,9.524184622524073,0.018478359239236627,-5.869399822044863,5.181514460362399,73.31595682622915,0
0.3043110195054391,-0.8616786639844948,9.601903658157967,-1.3382054544939679,-3.8628437437812035,3.5074739096235725,62.58710301343835,0
-0.3666383426675836,0.06740541772556577,9.660678721307184,-0.9292287609637364,-0.32038882074358316,-5.18533036784998,67.57040271641162,0
-1.9505336838198513,-2.2668204322202112,10.880426226175889,-36.02314157226635,-72.46556355260114,-43.19937199331635,54.095552493139806,1
-0.27696997383327127,-0.03004622294398583,10.117980915213987,4.209918477260635,2.576471608122337,5.519667733509536,75.8926644263912,0
-0.2030766000917876,-0.1912161381919553,9.858315290473202,-0.3358914502467763,3.193300843215512,2.3013581249115194,52.37970733418914,0
0.31609253898235184,-0.248064106211958,9.39021328663984,-1.8741102831090306,2.85253604177258,-2.0344262225218737,75.11129182658728,0
0.22297922820681448,-0.28783177101704394,10.302347730004263,-1.7901468987349312,-8.05783679551414,-1.5178216263295752,47.8610149929285,0
-3.689651939375813,4.91212083843254,14.134681911325877,46.39439919994555,-76.16791596076878,-37.81495770026618,51.50675767922487,1
-0.12458637417024038,-0.1463734224437108,9.692766373156873,6.361767500533839,-1.6334810659318202,-4.922670252409841,46.51122248546383,0
-0.02881796991739496,0.2652136189083149,10.133806512496978,-3.4730018458157232,3.844198379844484,1.9210103600294826,25.124508968495917,0
-0.09661845486170267,0.21250693418980598,9.479659123526243,4.592272219712069,-0.7448465488364846,1.6897876411605914,41.99307124275357,0
0.30188784276433217,-0.11645304556236863,9.428267877303831,-8.19742081262717,-1.8529138120039144,-1.0943312586781286,50.10194996038549,0
13.513511469213432,2.706859535487677,3.7494597354721897,-58.11100223169963,-111.10678846693799,33.605441123688536,101.76254287778838,2
-1.3762558268169063,2.790347881356796,13.915146911650515,-22.889364889445567,67.13367587584015,128.58042327509457,107.78840431274935,1
0.32423421766638655,0.20793168217894323,9.57245139958998,6.652874520195201,-10.410493515944935,-1.5280530707690168,38.20185693285023,0
0.2123255806366426,0.2382794038865481,9.753230546619001,-4.728730303483905,-1.985976580729938,0.07591471270216561,33.60551704403096,0
-0.15915034428315825,-0.22065898277692997,10.226824440829983,2.674086681729551,-0.7107326847027305,0.5372218717044628,28.666189049304656,0
0.15894125337458484,0.13108145092390494,9.852002499311123,3.202398976004119,1.6083927068825004,-9.105430346472481,49.10437454856172,0
-5.372097655844366,-5.0514962198654665,26.777189860569596,-39.7622758905419,14.901082169353614,35.890288082532706,96.7946458747397,2
-2.9966869064129673,0.17216348340155058,5.0236151736761965,-32.84445136601238,-81.49049528865561,27.60253943162797,47.655209284640094,1
0.20445020921178733,0.6172486409135096,9.49881278837555,-9.41575104029292,-1.6014890226832095,-9.746858776612116,31.466337361468696,0
-0.30731629240028696,-0.5219141336334299,9.275440408028546,-4.741740021121004,5.117653220926723,-1.4587931612926859,69.47102418799575,0
0.1630080577139805,0.15890782630701925,10.035381286369407,3.725026564386406,8.51586304959019,5.371665023851219,55.78361598154769,0
-0.14075269563141143,0.13214242138811969,10.12104507149493,-4.242143170954073,5.732204352003638,-6.787587699209675,75.4795165749348,0
-0.06590156635125358,0.7580797277620864,9.921119027100984,-3.029304103794467,-4.308515351281291,3.1683051238702937,29.28716209076672,0
-0.1003503707522845,0.2650979812460017,9.491697457722214,-3.923809540638517,-5.705042548763691,-7.715591139714352,31.60035401672313,0
-0.5077393889144458,0.09222200934273021,9.594611052271999,-12.441636767064947,-1.01262113532415,-7.724686733383793,25.912811084776543,0
0.12121525704436151,0.013930964446844643,9.727622703614438,-4.127052649894775,5.306854824365668,1.2156172925644655,68.1618443201613,0
0.06330524016078552,-0.3425067342400515,9.703799712332843,-5.808919219561819,-7.076335959620938,-3.0417538233966877,69.55329358560888,0
0.20458589138848918,0.7210246755714825,9.563664874427529,3.1275400841551786,-3.9777853397044116,-5.637480494765193,49.891357950438746,0
0.2100929638226974,-0.08133708031277063,9.922595843444203,1.5659223693249,0.9320808487202316,3.609517427190707,78.08133032274432,0
0.1543316502176247,0.5248730229560817,10.081271041287968,-2.7477013729776747,-2.0760688395263576,4.380845835956164,62.88176534039733,0
0.03327677691295983,0.43601534313531026,10.124014419714396,2.5712737800891743,-4.939366704503746,-1.5911876387131012,30.71118735635592,0
0.43606022314719506,-0.727163797988687,9.788888960885478,4.98429386732904,-4.822688974550957,1.5349053634311889,59.8094207077226,0
-0.007954162634765062,0.06574509829918168,9.763885650813922,2.736323986889835,2.2473695641615343,-3.886857424229533,58.56839546517042,0
-0.021049713437594108,-0.2482770661946159,10.067059523337436,4.464769350543846,9.617228974124766,-10.451514494265783,54.68432612074475,0
-0.055697692999145135,-0.45472323449916957,9.764579441902677,3.7134120917986118,0.23001373626637062,1.3963391910826297,41.69996499170257,0
0.3309905646049564,-0.03652425251498506,9.926475983184337,1.2573680447025604,-0.45922382167477566,-0.18946540858415437,37.134776974318186,0
-0.25176525696679153,-0.2497066719312686,9.850538292880884,-2.900266206850215,-4.405341683306461,7.310979693588184,44.62992282184276,0
0.051410484356991144,0.2024458476499811,10.22366616662463,6.907270393452433,14.342015278333841,3.829391397403074,26.818762321803163,0
0.30105986936760726,0.10033703699610749,9.648567523631536,0.18968917723801015,-1.890039495091086,1.4862213669006201,49.2424884752747,0
0.03192906830756905,0.17657352132618287,10.157752253743393,1.6079660566961929,-3.642308108401714,-0.7887349161574263,79.67385540107148,0
-0.07471081186691349,0.04251507409197142,9.705178143191885,-4.548417084909168,0.36437049007757694,2.570312762123879,62.78085751170445,0
0.0015731099154549497,0.03668925090968513,9.562274023700013,1.7490001228395378,10.24906047892963,-4.39641391205994,57.354523869966904,0
0.0972251908184385,-0.1869421579274293,9.973889951964074,-4.580959577406213,3.016237502856969,-3.6902854183069578,42.55827331574835,0
-0.3202861288147783,-0.2105975063420266,9.800361642608667,-0.4029987464838044,-3.899264731108194,-0.5761211627609879,77.0302136953481,0
-11.952302346318005,13.378127232780221,15.60354857135486,-73.93721496587321,299.8116580465794,17.196756600000445,58.98034909257098,2
-0.022333774729850164,0.648976416991638,9.507641208598809,-6.61228978371785,-0.0015683630588735605,1.1592104606742402,28.737718802325404,0
-0.06403414551355417,-0.25408840449549835,9.784581882923455,-1.0223561049306076,-0.17912789353231467,-2.8038045348993013,55.44827201107495,0
-0.2932665734395653,-0.0915674113064003,9.501695187617447,3.343274023789533,11.539581253080552,1.7202696078173325,35.1198932986443,0
0.1512139546553533,0.11221697095427163,9.708882191367001,1.1027071350693343,-4.12826841401071,1.4828846926515253,20.54589087684656,0
-0.13201334600909512,-0.1403103603935674,9.472710070935442,2.761499688397616,-2.272738593717221,-5.606218700471959,55.77551451396212,0
-0.22773979846610937,-0.29688844097110123,10.085937513612826,-2.436014605974636,0.35626874955446247,-3.037361438101536,68.68795634910092,0
0.07796483827452706,0.5539910988142998,9.52179405974283,12.133582431727612,-4.823527128753574,-7.594554125450339,26.348301491390853,0
-0.29240450106819643,0.19281682796026317,10.291989358811419,-5.069479761462689,-5.766662016028725,0.0641432177184256,75.18755430676617,0
0.10849080751429024,0.19756328180184912,10.052186007951367,3.416644964055347,1.1572296126278616,-5.946162325385646,57.505493161191716,0
0.1417792447239129,-0.4784109201800386,9.97256150483197,2.215010652236876,1.9415600271172482,4.789198155541338,27.852868313214557,0
0.4066913576414853,0.21568599319952,9.412018112638652,9.438438286700952,0.797312534020646,6.558467246363305,38.56211372480077,0
0.4511978965748066,0.11840145894689433,9.895895547775694,0.09200815391719064,8.268086342461425,8.326759588117655,24.444494432626865,0
-0.31117384629793693,0.27572294489633054,10.001144185172365,-10.420564697492942,-2.858730209780307,-4.0258587587143815,75.20228984654315,0
-0.5336160746712836,-0.09680395165264072,9.706082590843055,5.413455269435366,3.274877921108449,3.4317677750726654,52.60906571498087,0
-0.3038493361003271,0.08011507976077765,9.889625872509706,2.7573813761976163,-8.283116038388869,-2.4041689475598966,23.13674619612558,0
0.2088619094440255,0.006381473020818495,10.076495033577338,5.986234618226139,-7.16575907262356,-1.146911659277336,68.43569895957503,0
0.18654298866515892,0.1399289947300579,10.13521964477074,-5.011085094633624,1.778344742816147,-11.601577991152116,21.164074737092925,0
0.029302829564649514,0.17842630249958577,9.741527515894196,-2.5821482194378587,1.121698283890413,-3.362427980031681,23.816086182667842,0
-0.14375227135358698,0.06087690625538991,10.195134520201961,0.37977633958043705,-1.1905521815602702,3.7495011971185526,47.98247567027291,0
-7.006739251960881,-11.052733747708649,23.6945901099044,-46.35869705366106,-180.78303096469384,-65.41046759947083,79.81196436041745,2
-2.6080999665347933,1.409203615101537,21.9320015600588,-143.5998710741275,177.10549806047587,283.8489326399968,104.7182199690967,2
-0.10197651434079864,-0.2808814460704663,6.272862170551999,-13.29598166310236,73.63642932487576,71.46544098877149,110.66797608176832,1
-0.21385373480314931,-0.1741570349414168,10.004064831635135,-7.572351545903835,-1.8592894113933278,3.5920871173582047,48.62658906163557,0
-0.5139403587272632,-0.005891339678004364,9.792043622225282,2.8656390662060005,-4.866894190135173,-4.503356912562401,51.02791352063828,0
0.5690378947961842,0.5402821298732446,9.7472342562703,3.2556812091182854,0.8887505313401567,-1.2319170125727401,67.84523323649987,0
0.09724990574653262,0.06032971401449025,9.749556854424563,-2.9617797782602677,6.397593348800794,0.7724683279762556,46.43618684355049,0
0.020568892441808196,0.564347120832177,9.695204961164542,-4.631905649907692,-7.728648933453666,0.011439680717520247,27.399109464517537,0
0.4779559879918191,-0.31344275820631007,9.605188088503573,-9.348708498477103,-3.3505760022711644,1.7812639435304178,47.560760610369364,0
-0.6633405927023656,-0.06279710314555983,10.426861616508432,0.5287689563574021,2.3577119020910287,-1.107682987918691,45.078110480833224,0
-4.264723216126665,-1.313935880256255,19.609066089455148,15.899657219477465,-22.54312812104634,-158.50707390073933,93.65977603774186,2
0.08147365115861203,0.13096794124730035,9.351041223472977,11.408259182694213,-9.877438856085687,-0.5732041775319623,57.200080008644505,0
6.734246198272102,-16.686339511240032,14.944420373110574,127.54244316398596,117.41493667998601,-30.965461873339382,74.11248451935782,2
-0.13971892607107705,-0.13191931748225247,9.331042757391003,7.689659592062764,-5.8902043368819035,-7.027815269281433,66.5519039121672,0
-0.13902530784373868,-0.05606149324840771,9.712456619325337,4.093888218774303,5.917468334449639,0.1131542633843457,45.13597867903676,0
-1.9945355831538056,1.285165883029552,17.8199441465539,3.4045009978091647,17.683155174138093,-32.987361578282,87.15766424745975,1
-0.25429415674448586,-0.7831410838743253,12.985365885295696,43.475506723387355,-124.62719122643244,-16.830123204697042,62.94934999862352,1
-0.017083687116320235,0.5562277699002565,9.469953730108493,8.277035565441476,-0.2970759063624705,0.5589957910169413,51.6090299630248,0
0.5546868284836035,0.09264990377968914,9.76173526388674,-6.8583684861523295,-2.623312035334015,-1.2430792688333867,47.57796526138762,0
-0.10073540978703846,0.1988643806002238,9.831768335934571,3.0510808479461127,-3.0716157204814722,4.069904300988706,66.33605341025034,0
-0.33739262755136074,-0.2078715593387722,9.571182566430137,-3.177789207022017,0.5568630092002621,-0.3053783567618805,37.93556900589999,0
-3.992849034045621,-6.493530119764974,6.246554931123113,26.304761969798715,-25.608251696115456,77.33180551237814,101.02392423006444,1
0.026114120471451365,-0.15528338971085143,10.16514755624765,-1.154331869223845,5.850993545983019,-1.8155833057778326,64.60117373420074,0
0.2753585841164328,0.1187410600312227,10.332593267782855,7.596419618208844,-6.275676859866975,1.053342326015554,63.03088682280546,0
0.44398324166700776,0.7478998552298372,9.890142307883249,-10.652832399036003,4.197342522592024,-4.787844775076059,20.35188367322968,0
0.5061424905217694,-0.33100998185216207,9.664025477293096,-1.9251090585643182,6.376953689995074,4.405733604066845,43.187753859676114,0
10.336482674612181,-1.1590284955830947,7.999577311568084,36.23530802061176,158.18364806808304,69.47143782854818,71.04971654147977,2
-0.49845601868068795,0.365628555509195,9.805884997308198,-2.2776976301193534,-4.140981364826173,4.726057673057418,65.84573519473275,0
0.029098789497815455,0.33165777988739514,9.206210056887265,9.770787168751431,2.513724037454073,-0.09936817684155785,61.05254451130919,0
0.1259662490479831,0.4288318481605346,18.008476102931606,94.76627350169157,83.41531965071937,-1.3114048465274208,110.8012259637807,1
0.32825745554128455,-0.0830439899666762,10.102254106951078,0.17220505852920676,2.404540463744477,2.1266065416505517,74.19641733433485,0
0.08909540196995581,0.07300183479680755,10.100313827770144,10.442213864349625,-0.6849774472122914,1.217651020931723,43.41431297503971,0
0.16167301310539758,-0.029666895957342797,9.777270714039362,19.631188532181632,-1.575433655970543,8.386885439027447,62.40821577263031,0
-0.2349759877008711,-0.30636984513921395,9.483895274256094,4.879083596723545,-6.829120777077194,-0.2796022426110656,29.204772943345283,0
-0.16192790409280844,-0.14665482653588222,10.008661327269733,0.3634026216467067,-5.896845608163086,7.96334999141442,40.02225245453779,0
0.18317572358514694,0.018503954954391496,9.785404294528865,-1.6539461216377869,-5.61747016619799,-4.892497729333032,24.66274510350353,0
-0.4669887520571711,-0.05105538675747853,10.39870024693519,-3.6480123490370477,8.073893953549257,2.8868176255333076,63.75441494585408,0
3.4592977539640453,-0.47847849747508536,7.2510119148461705,-21.814397694901746,-157.0879919215368,27.43278382155083,57.09893503855285,1
-2.6725721933110673,1.808271353038684,19.719857823071184,-9.421489706682468,21.459681997865363,-36.50963422387211,99.22504246751612,1
0.10733620810448498,0.4198066309758006,10.370357205725902,-9.38276353020937,2.4571472636009988,1.218286118513572,69.61207083040172,0
0.6569408799653017,-0.2965773321452752,9.568136699652918,-0.3088209993006446,-4.076878141580606,1.4763997031043419,22.46494189733332,0
5.513869421815232,-1.2039212495728877,25.65207146295572,-60.20633420997021,-41.895710925083534,-6.679130927868041,51.49501001473702,1
-22.66424232114192,-11.948078226025148,46.024167095915395,159.90617611981534,-166.00089323659324,-102.41945760736098,74.69789622651368,2
0.7184890905276937,-6.4712024552613485,2.1298842271860545,54.61294701988472,62.230884338943014,1.828584835237732,81.51498914118055,1
-0.009825981064799516,-0.06270697718580757,10.170734657546648,-0.46693429449974144,-0.0352249274027735,-2.827881839369952,54.211232947988265,0
-0.22612084930724685,-0.42923253063541444,9.965445612812141,-1.173102849787069,0.6553259310792436,-3.559866136294614,25.168146292942176,0
0.05942542823035648,0.3869258262248237,9.01873584301186,-6.010747630380444,-3.6199516587130454,1.230418076582044,34.28749059523992,0
0.34312621296207874,0.5478029140640809,9.802039953368,0.9990521685935674,-0.4303484639544653,4.158083930902018,37.77060593353991,0
0.014556488383448097,0.32576866974947344,9.701414457275305,-2.2500642899790684,2.120334307592256,3.2888158807518684,31.46372836078149,0
0.3738255577492887,0.3589894459936953,9.904302945061502,-6.346652482733496,-6.951109625767313,3.261530758051152,37.244152030728955,0
-0.07649316522625658,0.5009713513054218,9.266423724798045,8.774665358236208,1.597623353914777,-3.2083341006519115,60.75030197227957,0
-0.9723802020207217,0.344629710111631,10.038046616165664,2.9861410912669237,0.783468641232623,3.7975744374305394,59.05830471311267,0
-0.11559407905852806,0.25506652263404783,9.558238980051144,-1.3172410804112455,6.9317469863142165,1.8198531542636907,60.41658991980171,0
-0.07787740540908143,0.05430646761111208,10.392932175354646,-2.9326563478196777,4.894447792783896,-1.1282819035612581,69.65487304884212,0
0.0641939732202666,-0.27620207792380985,9.769033474120253,3.40679755221474,1.5618910523328586,5.814192887674929,36.115935974875846,0
-0.1554810654820942,0.31324826312072157,9.897307784516482,-3.8332829389167395,4.382278227514678,-9.558202753258785,42.33842591438287,0
-0.14613761512940882,-0.26954039453731116,10.29280188597679,3.7528958376088277,1.538063340945982,1.8970269880255486,44.618223312359724,0
-0.1730675608569446,0.05112486671264631,9.35974242027427,-1.9623555303043647,-6.740235559700835,3.831214875202548,63.52809010700977,0
-0.22897774696275505,0.01934232444303607,9.806739767843615,0.4587624222418643,-3.110174027771907,5.900640868707638,51.397174958014986,0
0.09327226967940137,-0.2974177048368921,9.268090259537937,8.77737849157745,-2.6572727567960754,-10.181102514279683,63.286949426574324,0
11.297322364012185,-3.6425803487299593,12.516538112460168,-64.91486212278798,-142.84434633140984,7.457141691051043,92.66270267409259,1
-0.2936291147346922,-0.2914842115531954,9.805744333224727,-6.208802877408122,1.0604667653708761,6.456369195079395,35.1920698021986,0
-0.07939704997138682,-0.475170847045717,9.671209332644823,1.403182022450682,2.5298277672793263,9.067038492577115,70.17747878614759,0
-0.5110147318065463,0.1706949237555826,9.792327706342402,11.09390116724067,-0.6186634004987831,-1.7029935345493075,78.84567046333109,0
-0.02313051282423126,0.25219306469661723,9.613205191479665,-1.4983832400339354,7.25463774139606,-2.420869756243685,40.24862274277831,0
-0.055470640932896706,0.17775808476035493,9.349075909472056,2.8992864264756606,1.8981982419298273,-2.345654271052045,23.284698935575708,0
0.07348997133261682,-0.045016676109758014,9.880738082373533,0.2175733432173304,4.3970852056870156,9.741713223949066,23.494269849216515,0
-0.06773289014596069,0.42280423205567397,9.368516606504791,5.847949962138868,3.7874757466874276,-7.118413184419615,63.36101446846919,0
-0.5276218459269343,0.6631569004774054,9.652509144310386,-1.8325351018402591,-3.163775149425195,-2.4141379540345915,60.99053379438909,0
-0.4819338960772717,0.21243260300657713,9.366843555159939,-3.034325889285877,0.893473584052378,-4.225769792130794,31.028773368908897,0
-0.3233234333787918,0.03600939801547839,10.223279713923882,3.489516362695138,6.922660237969531,2.0985280417863295,42.040430916636794,0
-0.20991765239777568,0.16162679773391075,9.917139454978667,-5.511460749182117,1.8667427985569909,4.215526661616201,78.03968668120818,0
0.19017570669540337,0.47219602898700985,9.90845105756183,5.357715761174429,4.44518561139946,-5.8972983225389015,76.00478762140729,0
-0.23906857664114303,-0.44546939053497103,10.246959031580625,-5.738456949078337,-0.9075158106783356,2.9215708321765494,30.300691702593014,0
0.062306306148933344,-0.8764051450483822,9.521146741942278,3.5616107979008103,-2.3563187035125983,-1.9993911933418573,24.974874883668868,0
2.7756929327650326,-2.628539849112232,4.785865969879784,4.4002046866882,-50.98325528866178,-75.2103607423057,66.95375304613964,1
0.059058370760737056,-0.06419665326765268,9.479740125723719,-8.032885503693397,4.6895776875532755,-3.4444277128770278,60.323570159704126,0
4.350841704631464,2.505738689815777,14.906744590281429,68.15687075662932,-14.780116870790891,88.50674185859134,77.08382714071375,1
-0.4710674159671369,-0.01069244468924507,10.234549768967879,-3.762176186765175,0.9578869809704481,3.913149131582591,39.62040610976612,0
0.0351982149926346,-0.31197177813765925,9.934315077743085,5.225442370423767,-6.862327739420504,-7.989360672474188,57.71023400501407,0
0.2548806291063074,0.01558376574218983,9.767117058822251,-0.6724839220086636,-2.676583562838295,-1.0423410527020396,74.73245427495092,0
0.24882167435504673,0.44135109824808255,9.549457129510994,4.556813610873609,-8.855342765440456,-3.7467884471138877,34.36219018052278,0
0.32668517909020983,0.13089710090220963,9.932582194870823,-4.3054395508678525,5.31970493780428,2.5995106976437627,46.587640719374875,0
-0.3243169621224787,-0.7088797306625515,9.774968609062892,-7.675201237661798,-10.325415231281603,-0.7505847562690329,71.35551137547787,0
0.06823798038123882,-0.3840913196012683,9.768665234438759,-3.547899273745863,3.530394569075658,3.094431490115768,67.90721030307142,0
-0.0023917923949852114,0.11657358135928922,9.898023429380697,0.7062857004373162,2.666796223527247,1.9771049269401908,53.72665295739377,0
0.2772081057620703,0.3072187577434387,9.995135027760842,-0.6475862343172039,2.1467041140086716,0.631570997416001,79.3567967063831,0
-0.08181707092430114,-0.1954070681375487,9.831306781256965,-10.24970639288739,4.141148450923114,8.081500213609583,25.37913387414074,0
-0.3319577726225011,0.7805049342541185,9.796373315646184,-3.9187676056221417,-5.535784084012258,3.117035691399578,40.67579574361831,0
0.27462063531062225,0.17517845559778916,9.660614810810483,-1.935653248947573,-1.6506004698322516,4.297924361717781,44.44447288128113,0
0.008926841848723556,-0.21840088236874033,9.820803301110876,2.1865659351948037,1.8032394571789747,3.6959024735078394,35.935255898441596,0
-1.047406441009012,4.898657712020096,15.242420238195066,316.545810271224,-131.80910615550633,-89.9299184348368,115.77364934747152,2
-0.4307586453538318,0.14311224816693643,9.73552369091338,2.910132835423634,-0.40439248932730654,-2.618656513857109,51.09234393095125,0
-0.1633148173575548,-0.13365075642023153,10.361989332865264,-7.6555375127786105,1.4187551183075056,-3.393215306470516,27.59822753110246,0
-0.17680942708326344,0.21828886309109394,9.66908423284203,-0.19653643813815594,2.4809959368165817,-7.420283324621676,76.13138136553144,0
0.2807035179442383,-0.26624765334063,9.999893750272765,1.1701222717657398,-7.663502799449654,4.307182628164025,79.95243793660646,0
0.22709658499360555,-0.31407329480458185,10.341304432936024,-9.539037789386954,-6.9427127691560555,-1.079802601751161,59.32615870643968,0
-0.3710852132634246,-0.45765755127742164,10.09255928893473,-6.888087503771186,-1.4219232480325465,1.9418786461508417,27.28231547291718,0
-0.18809011733633021,-0.4687637570659628,9.465042668015403,-0.4831183500744486,10.076375552303201,5.14706550477663,55.940662652814055,0
-0.23775622152981019,0.5051783074373606,9.761438746568322,9.04653174866555,0.727605988841204,-9.209488864789288,57.08617793370181,0
0.335872473430373,-0.09273493926075041,9.664943220544577,-0.9366450920318735,-0.4185897992460601,5.269457761479416,77.31050962868795,0
4.041098347344063,-8.894296671748787,10.247057562960636,83.38584803678134,-70.91891976409313,-76.15746631458624,44.805853468398595,1
-0.11763244593964728,0.4146476973112581,9.837913873863924,-6.282534471396282,-6.035108239286078,6.173759570223975,50.716317840915664,0
2.50615345334777,-1.0470331608843781,-1.4406478237276996,-50.218821266375215,-31.736805763481932,8.65958830356221,65.91164420643034,1
-0.3885236316190848,0.22046333581494523,10.00589553708701,-1.0330563984802332,-1.5515385269245183,-14.161629624920703,37.47178729979745,0
0.14207772919055447,-0.6596417869860246,9.709046065149717,-4.5934325574304715,2.8703561044700066,6.359462109693283,41.04258727952506,0
4.499730181212963,-1.1393477509688055,14.981169455129127,-162.75675382862627,-54.168535617767986,-110.4159830877341,119.45309911467828,1
-0.016664309668985633,0.4885189869385614,9.269277228533266,-0.7952260520002564,2.2890280496289237,2.5007151655694186,29.341555865355975,0
-0.24816928306569688,-0.09744941505258674,9.866971674238748,3.113556119501343,-6.496081817229121,3.4011018023834554,51.77201690134744,0
-0.2123008396856342,0.3518187057778094,9.724986045620314,4.451237504182544,-1.8815036246249803,7.122479106234739,31.396084619661202,0
5.31222755594787,-3.9056001946551895,0.8314631213021357,15.456051443887763,-43.25820650819378,34.906906237701754,111.99276346837374,1
0.198639202356314,-0.10477731129552863,10.28467484706447,-1.510227497449321,-13.015685439136494,-7.559417097816068,47.94353466004985,0
0.3503346184979422,0.1624388184614364,9.80626594648879,2.333354909830405,6.264213172137419,4.364121755028173,59.94591441592204,0
-0.36925929493018655,-0.16922358922101852,10.313184011774577,0.27467055499924364,8.981804114634818,0.021149294970757883,29.084626636165105,0
-0.01628845995534366,0.17590920562652798,9.400905912278304,-1.6812736934053598,-2.3146975601262914,-0.17275311976981758,25.38205514089075,0
0.63991001239688,0.114580635669466,9.792078272912322,1.6752901454205875,-5.052991099644567,-3.895463696883503,47.3279343203817,0
-0.33891205639728544,0.0009138060460243408,9.815266310556806,-2.3324768961409896,2.6063995250690724,9.725975371384665,44.38198431664769,0
10.524066327520831,8.182731772406113,20.835008686278847,224.2323862995603,-53.191615778148346,184.8529487732008,113.16675481773981,2
-0.12629534424607888,0.05500797593374669,9.967307318217538,-5.531467562058171,-0.11139489591856658,3.2770191492511853,46.98823944226572,0
0.007353052277682814,0.22767857693602953,9.978067016684259,-1.0292971544017018,-1.4874110043692506,-8.711108463176377,70.46577023696608,0
0.21526267673878868,0.7739128012962956,9.95164104774999,-1.369965409146521,3.720928551575173,-2.807788731653127,67.94492874631726,0
-0.1530049196564241,0.05540409175947252,9.601405346661018,0.38740259259431264,-1.628055260742518,0.7904461266159222,71.52469811177481,0
0.021995390156521164,0.48220367280599774,9.513818174181008,0.8523188549828544,1.8988381802044803,-6.101603449719879,46.266888637977196,0
0.05875357652930446,0.04226587407336118,9.711809915700746,-0.4461707711072446,3.357655858645267,-5.944817097674809,66.43970523764054,0
-0.2549533108394375,0.4684533590180558,9.720004301229677,0.4668618713832562,-4.4262434306211125,4.594574273291647,64.66653007025323,0
-0.06530436096816608,-0.05720472022900397,10.319754499845528,-4.092143329710007,6.104106494065239,0.22179398757803526,25.288534603447527,0
0.4396946306764662,-0.15518653503011165,9.83398112316133,5.236588533107241,-5.250703698010728,10.849682940402714,41.15175447803104,0
-0.13328797802283346,0.3601241723833276,9.607553927286707,1.6708820862244873,-4.966793497909753,2.1089003712543546,53.31774951969088,0
-0.10280627822410462,-0.04020515000187531,9.597287576251517,1.0116439821140102,-5.486841594855333,2.4013025070296248,38.25845550925186,0
-3.8047374815518245,-9.614674404402122,19.091835770144222,6.807362403393143,41.59305609952225,-18.915980034975345,77.69380475025135,1
0.6056121918069305,-4.412737524932374,12.814998176775742,-11.041943951940162,-88.89484629308208,-23.602937864679422,55.75629041669771,1
-0.5008215843364116,0.016994977469132148,10.523784626483875,-3.594161938043652,4.9779075700101485,-2.4385268647437233,52.008812524686974,0
-0.219109989515141,-0.07721296122700352,10.012464326976968,1.4828777257038088,2.3327265572506346,-7.854407285629561,41.70609871535395,0
0.4324705861973701,0.3571938824359024,9.87318595937255,-0.9525155299890566,0.8402990298341012,-2.9883384162742854,52.44962383829238,0
-0.30242589327522124,-0.2799803877219588,9.422726642325616,-2.8517568320684026,6.517539659673796,-6.145917989002081,73.77540298829473,0
0.055450837108462166,-0.24095368520410343,9.843016540202676,0.5470423591648503,-1.1975096101087488,6.404697883333638,57.147284002801776,0
0.9264298966723673,-2.3651120374788226,14.703837222429957,21.626500577566375,31.670360994935226,-2.48830667994886,56.28284179854439,1
0.2501766463646712,0.05293246658316755,9.73087978573827,-5.9839432321315575,2.7657457818960456,3.6547948818810805,43.57034458888414,0
0.16793713437931193,0.12864495009917187,9.809839098623476,-3.9009956455873134,1.214410065751375,13.776088718599508,51.94161409167889,0
0.11559521391865103,-0.08433008786578647,9.574409200478355,-11.234446669923026,-6.92993971199499,-2.4793908600507466,59.163687426633444,0
-0.039042916310305376,0.3151963188022836,9.658372826690863,0.6177384797779116,-11.084094196770323,-1.682762949390867,71.41700779216329,0
0.23239021602880103,-0.11118429962583178,9.878096551631367,2.7662560999239183,-5.858271736587809,-4.438847557692704,37.17679172671645,0
-0.034361953575785364,0.06717424021939843,9.751079910816872,-1.798148362262312,1.680724815131144,5.400280295696551,51.69066328538103,0
-0.23184756436127152,-0.1954254010843345,9.15445537960121,-3.670868993892479,4.203672410647746,9.283237182809774,41.01119145991767,0
0.06716520728373941,0.1523507268868871,9.725892289776201,2.758703999554602,-5.920152791112797,-0.5290937874884895,37.68208219313168,0
-0.17307109669872092,-0.2905033364590906,9.929576763402183,0.9071331005698569,-1.9811483905087992,2.9264971825816906,65.98107683344341,0
-0.23020426886641485,-0.08420252306003222,9.683444464073334,-1.4243774668483542,1.4347792715085437,3.2300309355727572,31.474527744567283,0
-0.1235630898367402,-0.7773126876434729,9.615091577588158,8.73681598957779,-9.844615712080415,-1.5023297436035186,40.2799268617094,0
-0.1686862587722918,-0.44566811191109157,10.757932270353459,1.3574765541282399,8.9089945438553,-2.8956205481787323,64.51972346757034,0
0.08883608311937281,-0.0501354240950563,9.499900602618329,-1.3948146516590425,8.381965136041016,2.9774544881962868,53.695670462731655,0
0.4598216739007733,0.6872827717772225,9.885666222457298,-4.021578798299962,-3.7838198850796316,-4.123061252173804,21.262214147628118,0
-0.23714233663359358,0.16148882371488987,9.692497954393634,6.0013087486941465,-1.9994953106556854,-2.268181937958414,54.27277506509103,0
0.01806906298230793,0.07481510511322657,9.14819913619579,2.744419176586822,10.43023524768557,7.79394592248447,66.9647404550832,0
-4.476370282315751,-9.572463428933492,34.22176257846024,-112.70898488184082,-15.3916176580597,215.59982420100204,110.43375222988838,2
0.10434699501561706,-1.8446911881889028,21.59986980831813,179.7717160185341,74.2839535906239,-4.9604645771004305,81.09067071429209,2
-0.2321367597310719,-0.42654320002255314,10.24523480856079,2.430181447088185,0.1735687437628093,-1.7258235272489821,42.359427793648834,0
0.22418808153697853,0.6265124114342182,10.151937391275993,10.061352228503825,0.22611354499991282,-4.870609231081842,21.670463075755176,0
-0.19548010428174512,0.1941587819108223,9.886137249560548,1.5565433672144244,-0.4895762322145203,2.522416281915085,36.1663667782193,0
-0.1985359394305164,0.06733554556799161,9.790031002806662,-5.162619517637697,-6.441538087317689,7.266377380212723,58.86320326523672,0
0.3916436421462987,0.045125671543072926,9.25968267975418,1.8382464649571078,2.173850322784456,-2.046542370478606,79.43856423033074,0
-0.011290410727454509,-0.024804205752809772,9.999777275616339,1.9448936467609188,-7.495079802292006,0.40639211028099376,48.043240126875524,0
0.38260255827746353,-12.003812393304013,21.207500566962825,122.2707888107878,-39.909525581984994,-6.134243161845319,106.2702516481317,2
0.12149451328828666,0.41402740624423545,9.928158308561507,4.511385868933236,-2.068078328148214,-0.2875887650273156,23.16258739120634,0
0.30157258499138323,-1.845293333117665,9.554918396619527,-79.1698369504759,21.838785914735716,24.403135199852127,108.98679331517853,2
0.2851271514558151,0.16501562970736555,9.607555521433115,-2.280604137370941,6.197920032207808,0.7291823510769195,76.04197946783836,0
0.7389726337455859,0.4732359839290423,10.054226503145127,-1.2747789677684893,-5.07379746592926,-7.652307048716884,76.24887034394628,0
-0.0720976194474405,-0.4255097198799095,10.035017152784778,-0.2829424444994792,-10.980639105499732,-3.980684015932477,78.50523018246088,0
0.0227413674581179,0.4841133807175941,9.660406862965985,2.814404300871774,-0.5171561214514196,3.773666490339046,71.39431932100015,0
0.08113704773395164,-0.007508087623543175,9.636765799365742,-2.6766754350811155,-7.179547619342638,-5.934966941528723,47.237529982871585,0
0.559732353343427,0.10281760391331124,9.758765445611694,-13.17873869508439,0.392885148595749,2.6326834183615357,58.652780959377075,0
-0.2519165526542328,0.05396824534604353,9.508502979637615,4.3725853706626125,10.623857015084807,0.7856395949547041,35.913711350160476,0
0.11270940550370158,-0.15685800814598047,10.184304908520534,-0.310955084996555,6.248094526483333,-1.2990007038375626,24.916306342288767,0
0.19430656143020775,0.028836233082295007,9.60621074626264,-2.733400422936327,1.1114492790042703,0.09008436022223293,42.6409086338187,0
-20.428396768447186,5.473305668871636,9.264285043634706,-196.96561387225162,-81.6208171617541,-0.20569844028767487,72.73996590283178,2
-0.5414646301993556,-0.5926399699061614,9.964135734552563,1.2612019821333869,2.913687915869322,5.7214653427996955,27.004874166127735,0
-4.087913361565817,-19.482498654263107,25.34803772071311,-107.23140164629444,43.747377282654845,92.09752134649567,42.783935989468006,2
-0.2591972309039448,-0.002735698993261063,9.991517577682515,-5.6503466952017884,6.761013394335722,1.3280849658626672,22.94890342071062,0
0.7680253614806384,-0.7272720780818824,9.343292244134634,-2.295451551094959,0.24654165760111316,3.3597230390724873,27.269327675659127,0
0.007827315063250136,-0.13712887697588155,9.642189547199727,-3.014103278919808,-11.95152183734719,2.073864453943955,77.94622663305722,0
0.5630387437674198,-0.22703852657083823,9.941721883364114,-6.677407845499457,2.5680723211554812,-1.2683803877119049,20.967478782332893,0
0.1552977061407369,-0.18066361810853415,9.153997124038627,2.1613147531707773,-2.0611037251223507,8.021695541542982,32.916142747150055,0
-0.2935118332845096,-0.5305318096688555,9.77852022444258,-0.18785322489740633,7.640156796939164,-0.2494007706405885,23.124344373276184,0
1.5306142059099663,0.5579911845898354,12.912758104710328,57.45222979678605,-39.87906585012375,-37.336213373639765,112.88125599833761,1
-0.07425559066545143,0.3494218063371514,9.402185694175389,-2.5070107344281833,7.236528496959033,6.012256239915361,36.51141270640854,0
0.34284684435450613,-0.13393008436515846,10.012835545141712,-1.148998152875969,5.609289281152354,-2.2739735868884643,32.55836455005252,0
13.148332072964234,3.658594248694124,43.496445021002856,-207.50194674041043,-61.820507891042126,-32.394227619019695,73.46904307430344,2
-0.2159532625184126,0.14773537920244473,9.928492129162295,1.317436076655298,3.8596007741833755,-2.075501444816848,67.20338088401245,0
0.010579065591518583,0.02280161742372345,9.758788463480181,2.4193832559401987,-3.6403854892766057,9.246810706931905,68.29801003290112,0
-13.36935817995252,2.933971263138056,29.60323845804818,-26.413647750579422,9.080824873606336,-44.31825241898267,110.54838406565463,2
-0.07577044541794808,-0.10873228242093964,10.191302072863447,2.316031460495615,0.8764338946696193,-0.2991307176495185,45.06251401837855,0
0.00417878757388386,0.22600248633135975,10.06606621702919,-2.777733897434333,-6.978946010962426,-1.576483276430622,76.62644722068896,0
-0.3212677494183337,-0.29009284293876386,9.3485838877907,-0.2656032650877267,1.0628701531610745,-4.231798599434865,29.396768893558992,0
-11.490030919424942,-4.798571151336492,16.324800157293847,16.7584427478421,97.09353488776546,-110.88753688092784,88.49733137766128,2
0.37263335079896936,-3.367286527472609,16.365077285128855,-78.27536662802835,19.88825377985372,131.79876329873724,57.7194839087712,1
0.21328799046104743,-0.4576968943710284,9.620746941592508,-9.755509320193124,0.7152438493947617,-7.218021310848824,72.8778527368455,0
0.06265907850142662,0.46515014784422304,9.513463226195196,-0.657362978358339,5.037219865975993,2.5847325787418547,59.53410839449143,0
-0.17209860206407088,-0.04153679519513214,9.931021565520053,1.5872663062508758,-2.2597468595593884,7.409803842182679,30.265158011429723,0
0.5556834553526813,-0.27559558394525946,9.546093003502738,-5.098321693460578,-10.129039365556885,-7.081135278963227,42.57555975982532,0
-0.6730365379501662,-1.4031128224062166,9.557996538715738,-18.904915674535406,79.2597473724426,-41.708961484612345,80.25753657463696,1
0.30973957816534403,0.07820212974717212,10.075746252083,5.1529029281202865,-2.80303818423655,-5.458125860795513,50.522359052976,0
-0.33871553136516874,-0.11184994562753009,9.596730604299305,0.7017993492402348,0.8776811478929896,-2.8820978816742193,29.584967614036653,0
0.19157773763321218,0.4592252497031092,9.931542721642918,4.3457729624844825,4.2900709765107266,0.8400767026626426,72.1724701315531,0
0.15027515628731422,-0.31953409892261175,9.731420025397995,-0.8778197274960775,16.215464847973667,-2.087151909947161,27.0501104127424,0
-0.17981250688613185,-0.1288216623375759,9.756644398785346,13.465168319902483,-3.5955472572459297,5.359649326058986,48.94958363165978,0
-0.01667540127313652,0.16686900282019798,9.981354597906611,6.62898323771095,2.100957714474958,-10.099636660780682,33.06684810605411,0
-2.4980418203543096,-3.925303746069859,10.009327682536451,-75.07194819802068,-30.755327818710526,-11.598253586878192,61.59789094843696,1
-0.2581240095851857,-0.18402079906228191,9.830556888578597,-3.0199031298461474,-2.2892419309124463,1.083415594821431,31.980184282438803,0
0.1760571281400811,0.3585139886774527,9.519368389386623,4.609007509886261,5.519386716581288,1.5383832670055693,25.425138667499645,0
0.09337504636306083,0.11799535181831156,10.161165331150645,-3.3388977823444312,-0.7512149439912998,3.7828233745657003,23.176156134129094,0
-0.30075880939134264,0.30294512680279023,10.212331427951247,-2.2582973807981137,-0.16140305524735163,3.5793637234547977,53.7286852296551,0
0.0347023902878576,0.08369824866714058,9.198841290677974,1.8436657365875986,-1.420775489643986,-9.747808588771836,21.55033833320067,0
-0.08066660716644916,0.07222595384657048,9.364647292984532,-1.442743479378524,6.480315308906981,0.22781940570949155,76.00730631499113,0
-0.03773607602989444,-0.3309625097165049,9.619872930278389,2.2460936064251715,2.437801485433593,-3.664844495618795,52.70500477159341,0
-0.07361643480086115,-0.012047385193303022,9.836961442035346,4.2922555832833265,2.0024069325316436,4.931882529529686,63.20668001089674,0
-0.3600889221167329,-0.05178818998224589,9.847956917599221,-5.448165186711941,3.4770123727514934,0.12605433770041058,24.888433862776512,0
0.03876635459256825,0.2783520384243711,9.879763468895614,5.191894255096583,-8.965532262672884,-1.5482485699403061,64.45299240331913,0
0.4353430823385125,0.03126033118556282,9.996770232958928,-0.8838708155789105,1.6039286296634194,-5.4606060017428355,45.82059042134435,0
7.762529614306251,14.551188257602599,13.024050175106348,224.0954404993621,60.51248976460608,50.60603196037164,54.39996932885495,2
-0.10281435495803085,0.008623446880445246,9.990416440568533,-1.6565419159166137,1.083124877023095,6.755364462065696,26.979903627995675,0
0.20704319751333375,0.30677112960289205,9.966681339801035,1.265826190189906,4.791929099210212,-2.983145293058651,55.716610466243274,0
-0.637168717292942,0.27549498180069387,9.611984832623012,-6.016004276945722,9.601837510721307,-3.3342435847578185,76.9274298615151,0
0.0030699183058761144,-0.3848976672565709,10.033898159680803,-2.6942092809636913,-5.3030253319830045,-5.398681606379242,54.15381272548688,0
-0.09308002697803681,-0.017285639110075617,9.613745720524665,4.426157414944955,2.121969689305063,5.639544966267845,39.771824826439804,0
0.12383427808094949,0.4320351646348418,9.547026021405143,-2.040504195801103,9.76629568763284,3.969092335719078,56.40297211820023,0
-0.3452980732266908,0.4738716437192137,9.665803431302376,2.8602872085707203,-4.234254830626823,-3.905781890655571,49.58180750952813,0
-0.09286393179419708,0.6018278664477369,9.956754231579728,6.397324658288755,5.0081591260428,-0.9909783818985994,37.23546169262406,0
-0.26917631144574944,0.12657622627058543,9.949009766970958,8.425071393542547,9.288511717688662,-5.768461406699292,41.133858504244714,0
0.4507071156288084,-0.24110237039091922,10.118062972249664,-1.2169198968750903,2.1077304176828062,-2.7654490845706614,50.508742118481564,0
-1.5995999604372662,-6.284609404471532,2.9399660534968364,-55.74818043058549,59.835934059532356,59.82356138721848,111.12954845819543,1
-0.03837527744422996,0.040062271434684694,9.80015838765698,-11.191156166624861,-5.5977306419158435,-5.972614698830175,34.409095761320856,0
-9.916498288641916,4.4475316131667375,27.350685043310712,66.23571111981931,114.87657871122374,-324.4017656528829,50.90004520735823,2
0.04611753178365837,0.19225285838010295,9.561192242958954,1.0564184613973635,7.445565541641448,-7.828240158027981,41.873985651191866,0
-0.4435565971102282,0.04993566246391683,9.481281941555936,-2.5148738527567156,-0.8640086869823218,4.662174354773336,68.13642182884867,0
0.17649516194537296,0.07163674770795406,9.927218313339228,-7.677860616035529,3.324635811508705,0.9284429020936946,29.85622696735568,0
0.3249153729525831,0.01788911097605224,9.587477969926862,-3.1768119441281466,0.9774086577664541,-4.927698003604649,65.73125067164493,0
0.18850365277928396,0.09862872309104412,10.387504236266178,-2.4265291768393418,-5.256549558196722,-2.008975134708168,76.4414112633939,0
-20.25415453000651,2.3903822425740953,-15.194166558421777,-103.29081620421836,102.83706443793433,58.96953076266324,41.80034619429492,2
-1.3590360305900953,-4.910719857824229,14.721394389835906,-45.35704240151523,30.32022885884091,-23.82691989407117,82.9735457283223,1
0.005530179919617947,0.5653758917803827,9.472489737158206,-9.546780437536464,4.801523981407351,1.0530041964882089,64.3684792330468,0
-0.24068318076648565,0.3835355587821896,10.132909952586868,-3.0611836725387516,-5.128763418201387,4.430955942923978,78.20701318510592,0
0.22769076614798023,0.05937323503879433,9.532642332375415,3.341702443590404,-0.7351271171542499,2.7916821160585275,72.87504090091339,0
-0.19353592638153727,0.6030613616299049,9.964020070460414,-1.0465690978968079,3.232447688628853,5.269928855914381,76.77121363947568,0
-0.05519500090580374,0.3266245859112558,10.000622496677755,3.698265758623357,-1.681934727055681,-15.852128679390278,67.98151172016748,0
0.014219601394924205,-0.1011257913354118,9.62791946813093,7.36335337875491,-0.6102856606063863,-3.1879377103798197,63.70963603084641,0
-0.07468924454372204,0.19013306427962953,10.208197578751596,-0.24448591737052772,-9.891126246874052,6.277018047299482,48.467190790671395,0
0.2557300004388672,0.3141294907836463,9.737564942818238,1.9896352497340448,1.463577410709267,-0.391153295292589,21.7579665862051,0
-0.011144442667604951,7.5537477584570265,15.654280266015501,-53.03993140478644,-15.536327794703436,-7.980189835803816,81.04617746944399,1
0.47376384465221744,0.06664013149011384,9.836801094798439,-6.497906184637988,-3.8632972263541197,-13.521958158013875,65.57120892301664,0
5.656258876886279,-3.3602218183533004,20.432045940584178,116.32431628896651,-39.14804453296315,-47.23338984396119,86.70866138464123,2
0.1608517349527871,-7.840498414724913,10.350174367255729,10.143238054118944,73.91604072562058,93.232404351782,40.96559482404943,2
2.070158441951373,3.1843857320741,24.47267346913697,-104.75867602672233,72.94084064820102,-36.72167452288906,41.442560786018404,2
-0.7414933500381867,0.2848662406323971,9.733039323609558,1.6202851411078032,-4.975742409266897,1.851059449708705,69.101638483713,0
0.08429756032050979,-0.07771264374621094,9.657848195878726,3.78394339993491,-4.622820571890499,7.545655067022753,50.22316607539737,0
5.4367579766561,-8.49579033080266,7.66344770828567,55.73592081193291,54.10372182841643,-40.16621481800943,72.96748877060313,1
-0.08970220513976024,0.06713638549166955,10.256394815576735,7.266303316605171,0.6714824862389644,-10.037284303725048,63.39981823963779,0
0.3680510938907276,1.6665800690047372,1.497328381445726,89.01867532681518,-37.7628994545711,-79.88321578722562,55.044685318326046,2
0.08792174198960437,-0.02464535351777064,9.953360779857494,-4.341463659381832,-2.9690570403435257,4.950831194796445,42.72220133486956,0
0.18983455983188544,0.647192463979651,9.745882495471278,3.662460513899011,-5.212888473352882,-0.02977354606364692,40.80312567415467,0
-0.143297234029535,-0.20331461092563183,9.938651799824584,3.0105916019624175,-2.0620690910824018,0.9812047033336023,68.46214214264342,0
0.017462615533799967,-0.17135369693483904,10.12280214157958,6.000394782134306,11.35724872711398,-15.038161698468786,70.62083177989865,0
9.564251104693675,3.156639883873755,16.780908741748306,-24.838150691804252,132.15961978674605,17.451266088691128,84.56380689537873,2
0.15413578527366265,0.19055154050459086,9.95261750696898,-11.027830285495346,0.630889518309836,-14.273133314521955,45.92697420811576,0
-0.3173132786867701,-0.2303392695312385,10.108988245274348,-0.8717712895141793,9.557095435698617,-14.195393297427135,52.6894805404059,0
-1.1340604322203087,15.18987985084191,8.783491841233907,-87.20902858584232,3.4530676897198305,170.9553278492692,102.50849747161602,2
-0.31869111411783146,-0.4344041701248732,9.79417411823368,2.7775632317112415,7.949194890903419,5.351825801149649,44.058219601301104,0
-0.5739840733973394,0.058966432953472384,9.77664884089616,-4.587514105071318,7.616193108561291,0.9934000477370344,53.82422608672397,0
-3.015448454763846,1.1898482124712662,3.810159348253671,-40.427406339568584,-95.40850984081787,88.18705552724974,73.45052798348982,1
0.09862533289790533,-0.10778762723611786,9.860347896761853,-0.22705608966119112,-1.0583349096558845,0.3990074202936655,79.19416944675959,0
5.380590481809659,1.5231122854602068,4.42743223444975,-11.011690329429184,-54.629202211891275,-53.835180369675406,88.46075914871776,1
0.1414405071407987,0.3217522011929406,9.605737458309452,-2.315806810426995,1.34647376290367,8.631132728178162,64.72386434849237,0
0.287781247825562,-0.018777938369856723,9.858420858415633,-7.743091494318733,0.9702597180293702,0.6766917394614546,39.21792454980455,0
0.6226202395936317,0.17378744988032652,9.873951433529601,-3.042948616198502,-0.0554600197430103,8.595203064209105,67.64807370393635,0
0.7337255938850479,-0.1930554691140429,9.658987355672151,-2.9179966317300243,-6.322492034774828,0.27931969922248484,53.71261737449079,0
0.12051351662968243,-0.4936196240870675,9.993564675785018,-3.157888645826657,5.972961102568654,5.9774032541273945,21.949195801409896,0
0.29176633488801895,-0.4069745413870215,9.950534820850264,3.880139569217377,0.4334884970719829,0.09690618849012607,66.87743884434153,0
-13.942175791048328,-0.8495527203180252,21.65763181108469,-17.934683179798654,97.11176378903829,159.37992647487994,48.48736399583616,2
-0.4044556266317139,-0.06794522965494958,9.937331859845566,2.4560383270599813,-1.732132530034498,0.1310237638701783,33.16336335177478,0
0.6943975700020526,0.15685064641064989,9.760622909872309,3.5225326991236154,-3.036772166061057,-11.959781021565119,66.97541685545434,0
-0.2106159281632057,0.32000240687674614,10.061389189237174,-2.46561411199886,6.384826930440939,-0.5674032294107059,23.270556644823174,0
-0.09276371275536437,0.14142466691592123,10.195279260682389,1.1970225026768853,-3.561103818245255,2.2431788225726366,75.9915750229411,0
-0.07168441405992292,0.417062264705194,9.812275752618717,-3.6547813785773666,1.4050462514090314,-2.945560663905635,43.041144437897486,0
1.1558194471964163,-0.1605705634681704,10.068511494222836,6.374375206393611,10.23431097859779,-5.630269804555251,47.132906006103084,0
-11.828375495990391,-14.351368905535704,48.25561246629679,36.99504763665852,71.89239982363137,-324.9052626457413,104.65256392193702,2
0.22725231301419152,-0.2711722924394369,9.75971625134411,-4.433404611417286,2.9521103062573175,2.088403761197003,50.16700651080083,0
0.18180298540369189,-0.13596841479818256,10.73297556680161,1.8070865863655143,-1.610140772460292,-0.6432972317602794,72.48482440933849,0
-1.4088994716789012,1.9450772411079127,36.12617123805474,-68.36387555108777,-32.74134556081569,30.870410533380202,60.17785073844951,2
0.40362601384649327,-0.2517629002017019,9.74563274803457,5.769503671278736,0.912505152996067,3.8589808861783057,38.1660564570455,0
-0.42369111040058743,0.31964411251960534,10.144533712759028,-6.632360641555415,3.607396618786716,-0.44045622014536645,72.46388190249985,0
0.8160507499768856,0.2281243968432892,9.592273706037844,8.793102420975668,-3.641361012033065,-1.7143943077878205,32.9277744365438,0
-0.1452702218598754,-0.20148701038141545,9.598813937277008,4.272626135333079,10.264860122508315,5.177217082084724,64.68504389779534,0
-0.4838147613568955,0.6426811075835591,9.604999225752962,7.052295726017519,2.0910287794398603,5.892563448992114,66.67456440491222,0
0.03660294439360843,-0.22416350374434701,9.39419891424694,2.2795209758535133,9.452203425778913,3.344200652731091,30.017010742068152,0
0.19696608259014892,0.13431256800519448,10.194474336075215,4.621350697689149,-4.898606123584034,0.42084115092848073,73.63838344775027,0
0.3489491256464879,0.023046567318076607,9.707589714744278,1.3022113166677798,0.26129245248741606,-6.792870076287372,22.251719451908187,0
0.014425483998414597,-0.04322626671648464,10.134296508400663,1.0735659158526318,5.348857274919251,3.819301758167113,52.2115487901571,0
0.4535775678667574,2.0404974450002995,12.60770253279111,-17.929205341752247,52.80395777744054,-105.92325522179844,116.66621491851095,1
0.2142001482276276,-0.3475094067577628,9.362734550160521,-3.128386437481062,-2.8197374402912163,1.7973789877356277,50.05259635337595,0
5.5205894106929,-2.55077084395785,21.11081666073951,-73.41115674055018,214.48156973157904,84.8677648565132,57.722172152189366,2
0.49964233333877295,-0.3509750507130864,9.802118947588454,2.3673594951761423,-1.7471966360847797,-6.825108977133176,71.57017853749389,0
0.16412921435101138,-0.18713068820874154,9.441822498080285,-1.7570711785686628,2.5012023471828493,-0.9846090399844477,36.78601585322245,0
0.35378915521914794,-0.2506041159779272,9.990625409062769,1.9689864910812576,5.9738143093846885,-1.7542471503823729,33.306769516012785,0
0.2177299871696076,0.08057768365897708,9.780160215612254,-14.160777990552845,-0.6186447313741807,-14.187532206986894,41.33178782912046,0
0.01671747368660838,-0.0663760870757316,9.240038014591816,-2.549033465954413,5.909455464799808,5.480349537386992,59.68797231941911,0
0.12888546573977575,-0.32164170359568206,9.246143641328572,-2.0484329631474867,-8.445915189836308,-1.328022801430526,50.18435601629655,0
0.1475757514519517,-0.4002076484754613,10.026287398944072,-2.787115265541606,3.0206044479425898,4.099626263176171,69.43378289747986,0
2.018327257909561,1.8019828951121388,14.587104208292834,49.34102825374522,139.48193485940504,101.54079434779229,83.30683061610138,1
-0.27240722265636325,0.024685196782627254,9.672092721138338,1.9534796046407208,-3.6765173034097614,-2.588462864346073,31.89178318530009,0
0.2507076336195425,0.04817219431495937,9.849428252370956,4.982852552897236,-3.573403384952159,-5.20096859907949,26.79387339554752,0
-10.785416363419921,0.23352403148453957,22.47829295019156,190.9680441315365,108.78529885319566,30.448475612979976,82.37156216281068,2
0.36036417664918347,0.35897145049934737,10.274162205970512,6.115415335476625,1.128807615558772,3.959296551940338,36.060106231657855,0
-0.1153666632689476,-0.0907409059464385,10.264706045448557,-1.1477432768017355,-0.7968111607295327,-1.516750337385671,42.27625523032363,0
0.09046420270008373,0.08370645773110176,9.772840015308752,1.639397620796787,2.0822301905072633,-1.863377919759873,29.351092193086608,0
-0.11552468412489496,-0.1666431357480764,9.897738894974651,-4.159111041152224,1.4907923299526282,0.906255813010252,65.37860581881765,0
-6.487151489601998,1.2847154653740782,-3.9866706977180613,99.51885270994349,162.336064187607,-70.92221468801185,75.2096616787949,2
-15.658708713071919,-10.422758108197963,11.93697009825964,-31.59693682534994,131.81818512621822,138.72080033413525,112.57945338216629,2
0.10997947382905447,0.010225040477767821,9.80006211947546,-2.9443341336934803,1.2933057392769407,-4.391316264117333,21.48903268670895,0
0.0392221731858274,0.10395116451921473,9.676755713613625,3.128154668230004,-1.09326638717518,4.647049923954078,62.58422508806122,0
0.06493757687459245,-0.5005752221632768,9.869964839379051,2.3159239763379236,6.731128781013741,6.77786467855174,51.4552832322642,0
0.2138995290517164,0.27977724956192696,9.938618267975569,1.5499949158277753,2.6814545475859495,3.32684467516415,74.34540743818687,0
0.054559876517548546,0.2226286116027921,9.136441426601149,-8.274437181141481,2.321849317732871,-0.9413066754315327,73.61059828359907,0
-0.2780791414734249,0.23150961319450342,9.759707377558836,-5.877973028124258,8.478614389054327,4.988160384601223,34.84777887398878,0
3.100460486356344,3.4128061802062177,22.122912140519574,-93.87732764014825,-89.9508721174619,84.12055955514732,53.82560411651618,1
0.05539015755969126,-0.029752759133814873,10.148563490782458,-1.5424139422790986,6.15000286359575,1.5582642800238915,42.00331451562794,0
3.013677854009723,-3.068269821601202,13.664742607100653,-45.709480299530924,-23.272546911748176,-22.117161947141977,86.86816979465347,1
-0.07024108708475416,-0.0927516370405918,9.514001417522387,6.702305258951739,-3.384975692292657,2.962836369236653,47.46587676224805,0
-0.41957027214574233,-0.05248792700862259,9.539101075617593,-2.8491646411937936,-4.581604595367098,-7.9179419489379,64.37379488667608,0
-0.42253838890906786,-0.0010123372232856153,9.875060061875509,5.353052799895931,-4.712790028959382,2.889892618197786,38.95614934313821,0
-13.971733804632269,5.723944774155882,20.722281957263316,176.01390682787712,-108.79782541851515,-84.3493725647481,97.88645603519848,2
0.07310616344757369,0.4127120439934858,9.682505429773464,2.316442650590531,7.255007190656681,0.9594886793651803,47.9166518765554,0
-0.12242261190646542,-0.047558871908091,9.49547174245164,-1.2942720018491582,0.08806625966828657,-2.853202151000564,44.635921834296,0
0.00552551375686551,-0.051883817977026896,10.096200354976732,-9.561274877098885,5.0091242684096855,-2.982057039844398,25.32639601737396,0
-0.19397186527275798,-0.5508616119309889,9.647557940705807,-2.6312392825871056,12.425949583394457,2.103498155092394,61.820780836055775,0
0.9236642425365713,0.05761473494700947,9.758166117295701,1.4609636416318659,5.958537485535325,-6.972475344296308,65.29595238710303,0
0.2862005290479607,0.6225782617875796,10.283666188476628,-1.0074576697375899,9.95776651102367,3.989218899478833,77.10214438343223,0
-0.13819163128793624,0.08675059317234543,9.743856720498636,1.4711206450674685,2.206535758496229,3.5035030606029185,50.58356451729078,0
-10.167613768738262,-18.433695487551734,15.746091535531573,-47.93585885674235,-9.87044396057438,-97.16698029207407,41.63212885505651,2
-0.12976745634588627,0.11754120162076395,9.70468547097313,-1.1827764360947302,10.21038020071872,1.8008209197288347,55.24219211453462,0
-0.08096248058801138,-0.40413788685890895,9.927766161857912,1.2887627007137534,-0.821676029426956,-1.387721281577758,58.026997084837255,0
0.24910074496327367,0.009601244719729988,9.671226673910402,-5.65101862336962,0.9053137138554117,-2.2982838613649847,29.118810948443073,0
-0.33317275363974863,-0.03628444458233447,10.003811984886951,3.8757774701739156,4.750079143348228,3.4638451592443027,70.21180533359554,0
0.3800733447559868,-0.007666221297433583,10.217739590019299,-5.459669501976565,5.44384827108336,-4.180310760500124,30.094194746509512,0
-0.1350196414437731,0.014658021097711298,9.231915599913865,-0.47732123544536514,3.9106500076572956,-0.6258721419158211,31.690429499321844,0
-0.16405768237211762,-0.3672894708868097,9.92128842648851,-1.6643020219125562,-3.946692528598372,-1.4160901947261628,26.794607098389193,0
0.6431832267975977,-0.14495593868981219,9.616268787607869,8.499786872881902,11.362173602234408,-7.815171532856268,36.65136829414355,0
-2.8958589218711497,2.36454447169573,6.385110807964797,-44.92798776120323,76.07762922618534,6.212289236950523,52.37478785478889,1
-6.92105092193738,-2.613851582899229,15.003124476966434,58.03068734633697,31.84098738060287,23.14499809090169,65.25229015858592,1
-0.35739104916079456,0.17093018406966118,10.283683477396595,1.6391058642154264,2.2908405739434934,-3.249134427487182,72.00928914130935,0
-0.42223913231296656,-0.4320152647782883,9.791221155894506,-5.755070418097535,7.332704296393015,-7.910883816730636,66.01093386906638,0
0.14214987627353626,0.13702596574613518,10.085862364160882,0.016877532985804994,-10.64367047207406,-2.3870535309640024,59.04346306002802,0
-0.01982393959419497,-0.0640328612790624,10.001858370790046,-4.446204141141622,-10.09243932194319,2.504157955021058,34.86874657441441,0
-0.5601795577775244,-0.17211000118157369,9.823055564887632,3.9452834368775944,-0.38610522611522785,4.2238718789085,46.559290895625985,0
0.11833564271348905,-0.4436734706322386,10.184493138501132,5.678100735914721,1.3867923098233794,-2.6882287888990826,25.124149057452428,0
0.18311107963003945,-0.04187688844655212,9.91089265765943,5.118547730534907,0.2559895094054267,3.517139583936544,34.79938681068667,0
0.03608868951356966,-0.420781581539908,9.997773700529722,4.576951377800809,-6.747881057757661,2.70454259280495,45.46232156321808,0
-0.21130310716282777,-0.24545966502669214,9.684808618414296,8.247404471619605,8.345347629131656,3.331348360217616,50.188013284899185,0
0.4588650958381841,0.244721163761789,10.03718767974883,-3.2912420616692417,-2.6414852333148957,-2.696525072316352,33.9247146719699,0
-0.3376467141895129,0.6495007034703252,9.664372900150077,-6.985590925564956,0.488351883741677,-2.561871203383468,68.1927273946456,0
0.020255544423032686,0.6435447383320164,9.428222481543958,-9.63836289672805,4.473235937869362,-11.091738800255406,66.82826830280929,0
5.791185673831464,-3.685804093715685,1.729913096415988,-101.65535375970467,-135.16760368388034,66.37389353159813,96.56249354583075,1
-0.3105726967258122,0.12570570280981355,10.06231675421382,-1.152623125901254,-10.432388291855423,-6.665641773889033,73.29633179069036,0
0.18350288665226036,0.35670495933226554,9.694050112156795,-3.578799945553759,5.290591625435751,0.9742117013506902,24.649017593328963,0
0.49349031405038507,0.363929309993755,9.614704431369695,-0.15529466435450975,-0.32344302516259243,4.229014362814641,65.66035897697333,0
-0.3713446496480547,0.6230243950682522,9.622260722254133,3.659353521441478,-0.3209208064440964,4.86550780507536,48.188259286920896,0
-0.2031485134536335,0.13606029045419393,9.76821549370876,-4.3990717675102715,-6.195263512633212,0.9971199299338356,43.763268646128004,0
0.5728249921410391,0.2976127048609568,9.529384533692747,-2.1211816669902177,7.263083727430897,-6.762543447203612,76.51433523562521,0
-0.24474308548963147,-0.20431549724246426,10.308515312129227,-7.24295707316772,-5.976468817996223,-0.8031555976274718,30.438643971308217,0
-0.27226909861247933,0.16734309190555866,9.499343763265559,3.7896092496180978,-10.662978130774182,-4.67798149381213,71.26397079954081,0
-0.6905165371633387,5.5638894320056025,5.500559069455369,-46.38178257616218,-81.22528048258552,23.843821407554056,71.45363476514113,1
0.08300723979900572,-0.1338550299644339,9.577258824290587,13.103965455149876,-8.413293470613429,-0.8768922794934536,44.01979210464549,0
-0.17269134787133217,-0.0064101883045308465,9.491188547545379,-3.0325169410786983,-3.6581586945426405,-6.349992986969379,74.88495972365962,0
-0.44357587373395246,-0.18168466192105923,10.407081865768893,2.717396893350465,-10.377940045392666,-2.831972956073616,28.098709164298526,0
-0.3018052144499106,0.49002945969032874,10.422224800924992,9.812935952653973,-2.90891016696027,-3.8125961957329912,23.585736450703067,0
2.387614511851518,6.564428023103176,8.91101363737284,-298.53864690747974,-160.73637299493075,-91.49015407234972,73.02066562219147,2
-0.17747141665074898,-0.31602466895209685,9.46196975932706,0.11951521642477736,-0.30501985927691777,3.659777512549229,64.55815938090143,0
-0.1951927707365481,0.16095295307112106,9.443176432139802,-7.585868483358396,-0.7018752945266822,-1.0703384886393068,60.149249332091046,0
0.8419851956860145,-0.7617847437168671,-4.084264396000631,2.088452429989932,-17.31450702924607,75.3209868173085,47.28290519563534,1
-0.3593633677766545,-0.016730723297311803,9.858076973410265,0.9705381547667885,11.06265519698621,3.3102591737923657,56.41838697645593,0
-0.05770828943433676,-0.028588659716085627,9.639401544213824,-0.6272713000145012,-1.8073138334699288,8.148210655563993,61.51564179599552,0
0.09807821212924879,-0.4115703428794069,9.704045743023547,-6.841575194164053,-3.9100174625551847,4.044596346963597,39.23719439301361,0
0.5007064575868179,0.35204215724559745,9.975323894141747,0.7848648048421711,-3.5489449611676753,0.6430872520248326,24.53162516155321,0
-0.4882627313649488,-0.2818006181456263,9.445756155407347,-0.5811452156097908,2.4843679525379856,-6.93934275227901,27.743907489743776,0
-0.2109529275377662,-0.08439826713546401,10.260118312974951,-8.759144033758595,1.8155781387226169,1.2477409479903852,31.617428587727648,0
-0.16805431205909085,-0.8688766134581067,9.699854153073197,5.454902125929834,-3.1365672297565146,-6.828087020950747,51.80314035274285,0
-0.19555083234064774,0.044600237160633466,9.693787786717694,4.380233962648971,3.9658784410933867,3.7122945679631014,26.110835908542963,0
-1.934468558221747,-1.3728237073721508,4.437523885497715,-53.721262419552,-116.84054844844886,63.92257633557617,52.54103580794357,1
0.5646073489425101,-0.1094858188628656,10.023257591449982,-2.057133035580012,-0.2244651506126849,-4.436647294278856,42.737354588750456,0
0.05125963143838256,-0.1116620328213159,9.798321194351287,-0.6969860033161708,-1.3132976015808386,-0.404586688313441,45.995055938541675,0
-8.055418887561153,5.378347264323217,34.255539348221774,110.38458191453162,-106.32482963740526,85.820926815367,114.23205038896216,2
0.2254161370115367,-0.0560913908956338,9.74269167121995,6.479358909315072,-0.5316850126565749,-4.489150332128147,54.89533027098532,0
-0.03469448471647216,-0.33681660646868955,9.776107582626286,-6.461313475528093,-8.342996294390977,-8.079433937052364,20.235102497065597,0
-4.42541796277816,-13.004352268496488,26.053218284421806,129.95999262202423,-233.02303912552873,-25.894455159386354,91.2200731961821,2
-0.15104269623485975,-0.01972507832189634,10.351455103038537,-5.654442176629578,4.173756631624411,8.281041260286479,23.073457784258796,0
0.3159458559998711,-0.3029192114129812,9.36510643409044,-9.400050169538819,0.1422879059157944,-6.320030839736819,46.080688898988214,0
-0.25682514777266013,-0.22602536110385502,9.976565980931216,12.058383377892106,6.516390186580319,-5.399212238907435,27.819079285477457,0
0.10841868165252418,-0.05308416824821482,9.728320370249092,5.364890238830059,-1.0783381877381617,2.8600313915023645,54.78628650574878,0
4.895795012584019,0.08166866885167252,9.806659668123759,-0.9941045893512045,-8.619571793827088,-105.05853446431368,53.642431151502024,1
6.679691125618556,-3.9703120269152916,14.4284107694226,-2.755729724409638,-6.820001344886124,-160.47402768924846,106.25702063092754,1
0.137754023768531,-0.1101083517249967,9.52273005671951,4.468488446945554,-2.741001490833863,-3.2532991368419184,30.77907307732051,0
-0.28196393589820656,-0.23099196931759253,9.797209903658416,-4.186312155248501,1.0636988792883015,0.4994347720460649,70.11464360953194,0
-0.23786184967870325,-0.36289230560736163,9.554222642083552,-2.56598182256698,1.8207014802733068,1.4436400150491815,35.02152377425133,0
0.531240190690653,0.15478176531122984,9.287792612722116,0.7902674496006592,-9.448246460480764,-1.2638162754809268,46.931081939120176,0
0.07446617589010082,0.08978777412194758,10.260030110388898,-4.800231476397318,-2.7527596585424385,5.9655647292551395,65.40735337414382,0
-0.34289108934918694,0.17177483440684757,9.806393494601583,-2.4595122375310257,-2.0219871159198064,2.8558970310960436,31.69656613820959,0
0.26088177603169804,0.35571124639889906,10.015927382644456,-2.0680276671082214,-6.086413461102397,8.175331972637597,71.86417923166385,0
0.07258868146981023,0.43409336530611986,10.06493293314415,-5.612724031222069,8.336120557755685,-4.924965629085076,40.32397734646588,0
3.594676641356697,10.812110257620335,16.640407078970963,-3.796437593814952,-26.264239344259476,-47.23044419921978,62.162035909569944,1
-0.021848673797061832,0.2632086871727014,9.574353078322826,-1.0149031869782854,0.39071531484823724,-3.5802171813792016,25.84260374648025,0
10.04116630699923,-5.8990392279836685,15.875308103469216,-124.82384531465678,-27.360687217166145,-61.9086375758808,61.01068898928589,2
-0.16302743134012948,-0.25515613626279005,9.478683896105286,-2.646660562241854,-1.0780478928401118,-2.3565786057555895,71.71062939768979,0
0.7897146194512172,0.11020965204485342,9.878375159370158,-8.156379077304727,-3.056926236943141,1.4748572785441079,29.391752804944474,0
-4.860550334236447,23.41816073978664,19.62372213706973,64.48944033844569,-91.92542428804798,66.34862743193779,84.33357772888002,2
0.23730958411291406,0.3220895249579316,9.953931739452825,0.8760570945425603,0.9806572951195367,-3.0382317268673633,62.196803242535026,0
-5.9675370118048106,-3.470987703833513,34.62740394347968,-13.736684615863552,148.00872916232035,-41.77888761807758,77.66099139100824,2
0.1711796005779478,0.14595049314786057,9.721132751237521,-0.3209408855424888,-8.931877326773433,10.375325196742708,68.42642121917076,0
0.1468123683683754,-0.1198908556843807,9.505650340658097,-5.585932308535012,-4.451589240099359,-3.497476100838216,37.11119576060287,0
0.31614061561047085,-0.19408103331167217,9.345885682216153,-5.948333295451807,-0.4942260061965303,-4.848718598173372,62.816441975808296,0
-0.5856263398567505,0.12901249415732088,9.884048347645884,1.5807797859138915,-2.576091969041214,1.0161797729301552,54.92868816888452,0
0.0768089202941627,0.15408003197091497,9.950199716414364,4.757748852870214,6.247524503530793,-3.9544089584728273,34.13395607567008,0
1.5470356153932725,-2.8477926750866622,27.077048174669144,-145.21931320969892,7.740716743508606,-120.94414958665563,83.42730994672597,2
0.008495512839138351,0.006238112302622368,9.862180198819685,-1.8615952646896141,8.21689077902267,-10.251787286421001,66.12585084326963,0
3.6719520133943275,-5.194918556911047,5.556631523238703,-42.989325348900955,-172.05669887140974,208.9129783916389,47.81658203094068,2
3.1229295551630054,-9.998562716714913,17.831917280541926,-31.86726150222495,58.97346130732824,-172.64641212682434,104.02913507642762,2
8.390913135002897,-2.651450970252023,26.83096321574009,-110.1622873966758,-185.39231065840806,133.45207430656063,45.588953654772936,2
-3.8910580670400035,-0.1810172078573459,10.619584373532515,113.53150564998407,166.79781745341336,-0.9733870557564743,75.85286986952016,1
